;alue;vuosi;tiedot;value
1;kaup;2006;asukkaat;736063
2;kaup;2007;asukkaat;744515
3;kaup;2008;asukkaat;752167
4;kaup;2009;asukkaat;758039
5;kaup;2010;asukkaat;763828
6;kaup;2011;asukkaat;768340
7;kaup;2012;asukkaat;772608
8;kaup;2013;asukkaat;777473
9;kaup;2014;asukkaat;780931
10;kaup;2015;asukkaat;784293
11;kaupms;2006;asukkaat;510994
12;kaupms;2007;asukkaat;517120
13;kaupms;2008;asukkaat;519758
14;kaupms;2009;asukkaat;524792
15;kaupms;2010;asukkaat;528096
16;kaupms;2011;asukkaat;531423
17;kaupms;2012;asukkaat;534445
18;kaupms;2013;asukkaat;536369
19;kaupms;2014;asukkaat;537868
20;kaupms;2015;asukkaat;539119
21;ms;2006;asukkaat;335342
22;ms;2007;asukkaat;331032
23;ms;2008;asukkaat;326875
24;ms;2009;asukkaat;323240
25;ms;2010;asukkaat;320176
26;ms;2011;asukkaat;316469
27;ms;2012;asukkaat;312723
28;ms;2013;asukkaat;309329
29;ms;2014;asukkaat;305726
30;ms;2015;asukkaat;301561
31;pk;2006;asukkaat;968837
32;pk;2007;asukkaat;977101
33;pk;2008;asukkaat;989969
34;pk;2009;asukkaat;1002826
35;pk;2010;asukkaat;1014368
36;pk;2011;asukkaat;1026722
37;pk;2012;asukkaat;1041189
38;pk;2013;asukkaat;1055984
39;pk;2014;asukkaat;1071451
40;pk;2015;asukkaat;1087915
41;tk_keskus;2006;asukkaat;912826
42;tk_keskus;2007;asukkaat;911961
43;tk_keskus;2008;asukkaat;911984
44;tk_keskus;2009;asukkaat;912501
45;tk_keskus;2010;asukkaat;913516
46;tk_keskus;2011;asukkaat;914138
47;tk_keskus;2012;asukkaat;913692
48;tk_keskus;2013;asukkaat;913232
49;tk_keskus;2014;asukkaat;911916
50;tk_keskus;2015;asukkaat;909955
51;ydinms;2006;asukkaat;693280
52;ydinms;2007;asukkaat;690041
53;ydinms;2008;asukkaat;685939
54;ydinms;2009;asukkaat;682948
55;ydinms;2010;asukkaat;679768
56;ydinms;2011;asukkaat;676408
57;ydinms;2012;asukkaat;672519
58;ydinms;2013;asukkaat;668593
59;ydinms;2014;asukkaat;664135
60;ydinms;2015;asukkaat;658283
61;yo-kaup;2006;asukkaat;1039681
62;yo-kaup;2007;asukkaat;1045302
63;yo-kaup;2008;asukkaat;1052938
64;yo-kaup;2009;asukkaat;1061795
65;yo-kaup;2010;asukkaat;1070349
66;yo-kaup;2011;asukkaat;1080047
67;yo-kaup;2012;asukkaat;1089858
68;yo-kaup;2013;asukkaat;1101612
69;yo-kaup;2014;asukkaat;1112610
70;yo-kaup;2015;asukkaat;1123362
71;kaup;2006;lahtomuuttaessa_tyollistyvia;2989
72;kaup;2007;lahtomuuttaessa_tyollistyvia;3046
73;kaup;2008;lahtomuuttaessa_tyollistyvia;2700
74;kaup;2009;lahtomuuttaessa_tyollistyvia;2208
75;kaup;2010;lahtomuuttaessa_tyollistyvia;3053
76;kaup;2011;lahtomuuttaessa_tyollistyvia;3138
77;kaup;2012;lahtomuuttaessa_tyollistyvia;2900
78;kaup;2013;lahtomuuttaessa_tyollistyvia;2560
79;kaup;2014;lahtomuuttaessa_tyollistyvia;2707
80;kaup;2015;lahtomuuttaessa_tyollistyvia;2772
81;kaupms;2006;lahtomuuttaessa_tyollistyvia;2301
82;kaupms;2007;lahtomuuttaessa_tyollistyvia;2448
83;kaupms;2008;lahtomuuttaessa_tyollistyvia;2308
84;kaupms;2009;lahtomuuttaessa_tyollistyvia;1778
85;kaupms;2010;lahtomuuttaessa_tyollistyvia;2445
86;kaupms;2011;lahtomuuttaessa_tyollistyvia;2408
87;kaupms;2012;lahtomuuttaessa_tyollistyvia;2144
88;kaupms;2013;lahtomuuttaessa_tyollistyvia;2045
89;kaupms;2014;lahtomuuttaessa_tyollistyvia;1990
90;kaupms;2015;lahtomuuttaessa_tyollistyvia;2088
91;ms;2006;lahtomuuttaessa_tyollistyvia;1637
92;ms;2007;lahtomuuttaessa_tyollistyvia;1701
93;ms;2008;lahtomuuttaessa_tyollistyvia;1507
94;ms;2009;lahtomuuttaessa_tyollistyvia;1059
95;ms;2010;lahtomuuttaessa_tyollistyvia;1333
96;ms;2011;lahtomuuttaessa_tyollistyvia;1311
97;ms;2012;lahtomuuttaessa_tyollistyvia;1223
98;ms;2013;lahtomuuttaessa_tyollistyvia;1075
99;ms;2014;lahtomuuttaessa_tyollistyvia;1043
100;ms;2015;lahtomuuttaessa_tyollistyvia;1030
101;pk;2006;lahtomuuttaessa_tyollistyvia;1715
102;pk;2007;lahtomuuttaessa_tyollistyvia;1797
103;pk;2008;lahtomuuttaessa_tyollistyvia;1618
104;pk;2009;lahtomuuttaessa_tyollistyvia;1321
105;pk;2010;lahtomuuttaessa_tyollistyvia;1659
106;pk;2011;lahtomuuttaessa_tyollistyvia;1726
107;pk;2012;lahtomuuttaessa_tyollistyvia;1614
108;pk;2013;lahtomuuttaessa_tyollistyvia;1410
109;pk;2014;lahtomuuttaessa_tyollistyvia;1497
110;pk;2015;lahtomuuttaessa_tyollistyvia;1632
111;tk_keskus;2006;lahtomuuttaessa_tyollistyvia;3907
112;tk_keskus;2007;lahtomuuttaessa_tyollistyvia;4053
113;tk_keskus;2008;lahtomuuttaessa_tyollistyvia;3520
114;tk_keskus;2009;lahtomuuttaessa_tyollistyvia;2682
115;tk_keskus;2010;lahtomuuttaessa_tyollistyvia;3454
116;tk_keskus;2011;lahtomuuttaessa_tyollistyvia;3435
117;tk_keskus;2012;lahtomuuttaessa_tyollistyvia;3142
118;tk_keskus;2013;lahtomuuttaessa_tyollistyvia;2853
119;tk_keskus;2014;lahtomuuttaessa_tyollistyvia;2918
120;tk_keskus;2015;lahtomuuttaessa_tyollistyvia;3026
121;ydinms;2006;lahtomuuttaessa_tyollistyvia;2855
122;ydinms;2007;lahtomuuttaessa_tyollistyvia;2765
123;ydinms;2008;lahtomuuttaessa_tyollistyvia;2663
124;ydinms;2009;lahtomuuttaessa_tyollistyvia;1920
125;ydinms;2010;lahtomuuttaessa_tyollistyvia;2533
126;ydinms;2011;lahtomuuttaessa_tyollistyvia;2633
127;ydinms;2012;lahtomuuttaessa_tyollistyvia;2274
128;ydinms;2013;lahtomuuttaessa_tyollistyvia;2207
129;ydinms;2014;lahtomuuttaessa_tyollistyvia;2101
130;ydinms;2015;lahtomuuttaessa_tyollistyvia;2216
131;yo-kaup;2006;lahtomuuttaessa_tyollistyvia;5407
132;yo-kaup;2007;lahtomuuttaessa_tyollistyvia;5808
133;yo-kaup;2008;lahtomuuttaessa_tyollistyvia;5045
134;yo-kaup;2009;lahtomuuttaessa_tyollistyvia;3916
135;yo-kaup;2010;lahtomuuttaessa_tyollistyvia;5225
136;yo-kaup;2011;lahtomuuttaessa_tyollistyvia;5212
137;yo-kaup;2012;lahtomuuttaessa_tyollistyvia;4737
138;yo-kaup;2013;lahtomuuttaessa_tyollistyvia;4442
139;yo-kaup;2014;lahtomuuttaessa_tyollistyvia;4538
140;yo-kaup;2015;lahtomuuttaessa_tyollistyvia;5054
141;kaup;2006;lahtomuuttaessa_tyollistyvia_osuus_lahtomuuttajista;0,108746271
142;kaup;2007;lahtomuuttaessa_tyollistyvia_osuus_lahtomuuttajista;0,108433306
143;kaup;2008;lahtomuuttaessa_tyollistyvia_osuus_lahtomuuttajista;0,100719961
144;kaup;2009;lahtomuuttaessa_tyollistyvia_osuus_lahtomuuttajista;0,080460608
145;kaup;2010;lahtomuuttaessa_tyollistyvia_osuus_lahtomuuttajista;0,107443252
146;kaup;2011;lahtomuuttaessa_tyollistyvia_osuus_lahtomuuttajista;0,106760113
147;kaup;2012;lahtomuuttaessa_tyollistyvia_osuus_lahtomuuttajista;0,096492979
148;kaup;2013;lahtomuuttaessa_tyollistyvia_osuus_lahtomuuttajista;0,090693308
149;kaup;2014;lahtomuuttaessa_tyollistyvia_osuus_lahtomuuttajista;0,093996319
150;kaup;2015;lahtomuuttaessa_tyollistyvia_osuus_lahtomuuttajista;0,093994778
151;kaupms;2006;lahtomuuttaessa_tyollistyvia_osuus_lahtomuuttajista;0,110216985
152;kaupms;2007;lahtomuuttaessa_tyollistyvia_osuus_lahtomuuttajista;0,112216365
153;kaupms;2008;lahtomuuttaessa_tyollistyvia_osuus_lahtomuuttajista;0,100830057
154;kaupms;2009;lahtomuuttaessa_tyollistyvia_osuus_lahtomuuttajista;0,08970284
155;kaupms;2010;lahtomuuttaessa_tyollistyvia_osuus_lahtomuuttajista;0,11174078
156;kaupms;2011;lahtomuuttaessa_tyollistyvia_osuus_lahtomuuttajista;0,106803868
157;kaupms;2012;lahtomuuttaessa_tyollistyvia_osuus_lahtomuuttajista;0,095842646
158;kaupms;2013;lahtomuuttaessa_tyollistyvia_osuus_lahtomuuttajista;0,095905829
159;kaupms;2014;lahtomuuttaessa_tyollistyvia_osuus_lahtomuuttajista;0,093699972
160;kaupms;2015;lahtomuuttaessa_tyollistyvia_osuus_lahtomuuttajista;0,096617463
161;ms;2006;lahtomuuttaessa_tyollistyvia_osuus_lahtomuuttajista;0,149129999
162;ms;2007;lahtomuuttaessa_tyollistyvia_osuus_lahtomuuttajista;0,152638191
163;ms;2008;lahtomuuttaessa_tyollistyvia_osuus_lahtomuuttajista;0,140591473
164;ms;2009;lahtomuuttaessa_tyollistyvia_osuus_lahtomuuttajista;0,107403651
165;ms;2010;lahtomuuttaessa_tyollistyvia_osuus_lahtomuuttajista;0,131967132
166;ms;2011;lahtomuuttaessa_tyollistyvia_osuus_lahtomuuttajista;0,124030274
167;ms;2012;lahtomuuttaessa_tyollistyvia_osuus_lahtomuuttajista;0,117539644
168;ms;2013;lahtomuuttaessa_tyollistyvia_osuus_lahtomuuttajista;0,109671496
169;ms;2014;lahtomuuttaessa_tyollistyvia_osuus_lahtomuuttajista;0,107647848
170;ms;2015;lahtomuuttaessa_tyollistyvia_osuus_lahtomuuttajista;0,10263053
171;pk;2006;lahtomuuttaessa_tyollistyvia_osuus_lahtomuuttajista;0,068490415
172;pk;2007;lahtomuuttaessa_tyollistyvia_osuus_lahtomuuttajista;0,068729442
173;pk;2008;lahtomuuttaessa_tyollistyvia_osuus_lahtomuuttajista;0,067195482
174;pk;2009;lahtomuuttaessa_tyollistyvia_osuus_lahtomuuttajista;0,055592964
175;pk;2010;lahtomuuttaessa_tyollistyvia_osuus_lahtomuuttajista;0,067705995
176;pk;2011;lahtomuuttaessa_tyollistyvia_osuus_lahtomuuttajista;0,070729009
177;pk;2012;lahtomuuttaessa_tyollistyvia_osuus_lahtomuuttajista;0,065869485
178;pk;2013;lahtomuuttaessa_tyollistyvia_osuus_lahtomuuttajista;0,059793902
179;pk;2014;lahtomuuttaessa_tyollistyvia_osuus_lahtomuuttajista;0,063990767
180;pk;2015;lahtomuuttaessa_tyollistyvia_osuus_lahtomuuttajista;0,067723463
181;tk_keskus;2006;lahtomuuttaessa_tyollistyvia_osuus_lahtomuuttajista;0,14541462
182;tk_keskus;2007;lahtomuuttaessa_tyollistyvia_osuus_lahtomuuttajista;0,147424705
183;tk_keskus;2008;lahtomuuttaessa_tyollistyvia_osuus_lahtomuuttajista;0,132684986
184;tk_keskus;2009;lahtomuuttaessa_tyollistyvia_osuus_lahtomuuttajista;0,106390575
185;tk_keskus;2010;lahtomuuttaessa_tyollistyvia_osuus_lahtomuuttajista;0,133462133
186;tk_keskus;2011;lahtomuuttaessa_tyollistyvia_osuus_lahtomuuttajista;0,126477411
187;tk_keskus;2012;lahtomuuttaessa_tyollistyvia_osuus_lahtomuuttajista;0,116236913
188;tk_keskus;2013;lahtomuuttaessa_tyollistyvia_osuus_lahtomuuttajista;0,107562962
189;tk_keskus;2014;lahtomuuttaessa_tyollistyvia_osuus_lahtomuuttajista;0,108949707
190;tk_keskus;2015;lahtomuuttaessa_tyollistyvia_osuus_lahtomuuttajista;0,110280987
191;ydinms;2006;lahtomuuttaessa_tyollistyvia_osuus_lahtomuuttajista;0,145789716
192;ydinms;2007;lahtomuuttaessa_tyollistyvia_osuus_lahtomuuttajista;0,140063827
193;ydinms;2008;lahtomuuttaessa_tyollistyvia_osuus_lahtomuuttajista;0,133631072
194;ydinms;2009;lahtomuuttaessa_tyollistyvia_osuus_lahtomuuttajista;0,104495483
195;ydinms;2010;lahtomuuttaessa_tyollistyvia_osuus_lahtomuuttajista;0,134120513
196;ydinms;2011;lahtomuuttaessa_tyollistyvia_osuus_lahtomuuttajista;0,13249132
197;ydinms;2012;lahtomuuttaessa_tyollistyvia_osuus_lahtomuuttajista;0,115238433
198;ydinms;2013;lahtomuuttaessa_tyollistyvia_osuus_lahtomuuttajista;0,115211944
199;ydinms;2014;lahtomuuttaessa_tyollistyvia_osuus_lahtomuuttajista;0,111606906
200;ydinms;2015;lahtomuuttaessa_tyollistyvia_osuus_lahtomuuttajista;0,112595905
201;yo-kaup;2006;lahtomuuttaessa_tyollistyvia_osuus_lahtomuuttajista;0,135006242
202;yo-kaup;2007;lahtomuuttaessa_tyollistyvia_osuus_lahtomuuttajista;0,139945063
203;yo-kaup;2008;lahtomuuttaessa_tyollistyvia_osuus_lahtomuuttajista;0,128338845
204;yo-kaup;2009;lahtomuuttaessa_tyollistyvia_osuus_lahtomuuttajista;0,104803961
205;yo-kaup;2010;lahtomuuttaessa_tyollistyvia_osuus_lahtomuuttajista;0,131499471
206;yo-kaup;2011;lahtomuuttaessa_tyollistyvia_osuus_lahtomuuttajista;0,126831168
207;yo-kaup;2012;lahtomuuttaessa_tyollistyvia_osuus_lahtomuuttajista;0,117319266
208;yo-kaup;2013;lahtomuuttaessa_tyollistyvia_osuus_lahtomuuttajista;0,114570168
209;yo-kaup;2014;lahtomuuttaessa_tyollistyvia_osuus_lahtomuuttajista;0,116320201
210;yo-kaup;2015;lahtomuuttaessa_tyollistyvia_osuus_lahtomuuttajista;0,122962386
211;kaup;2006;lahtomuuttoja;27486
212;kaup;2007;lahtomuuttoja;28091
213;kaup;2008;lahtomuuttoja;26807
214;kaup;2009;lahtomuuttoja;27442
215;kaup;2010;lahtomuuttoja;28415
216;kaup;2011;lahtomuuttoja;29393
217;kaup;2012;lahtomuuttoja;30054
218;kaup;2013;lahtomuuttoja;28227
219;kaup;2014;lahtomuuttoja;28799
220;kaup;2015;lahtomuuttoja;29491
221;kaupms;2006;lahtomuuttoja;20877
222;kaupms;2007;lahtomuuttoja;21815
223;kaupms;2008;lahtomuuttoja;22890
224;kaupms;2009;lahtomuuttoja;19821
225;kaupms;2010;lahtomuuttoja;21881
226;kaupms;2011;lahtomuuttoja;22546
227;kaupms;2012;lahtomuuttoja;22370
228;kaupms;2013;lahtomuuttoja;21323
229;kaupms;2014;lahtomuuttoja;21238
230;kaupms;2015;lahtomuuttoja;21611
231;ms;2006;lahtomuuttoja;10977
232;ms;2007;lahtomuuttoja;11144
233;ms;2008;lahtomuuttoja;10719
234;ms;2009;lahtomuuttoja;9860
235;ms;2010;lahtomuuttoja;10101
236;ms;2011;lahtomuuttoja;10570
237;ms;2012;lahtomuuttoja;10405
238;ms;2013;lahtomuuttoja;9802
239;ms;2014;lahtomuuttoja;9689
240;ms;2015;lahtomuuttoja;10036
241;pk;2006;lahtomuuttoja;25040
242;pk;2007;lahtomuuttoja;26146
243;pk;2008;lahtomuuttoja;24079
244;pk;2009;lahtomuuttoja;23762
245;pk;2010;lahtomuuttoja;24503
246;pk;2011;lahtomuuttoja;24403
247;pk;2012;lahtomuuttoja;24503
248;pk;2013;lahtomuuttoja;23581
249;pk;2014;lahtomuuttoja;23394
250;pk;2015;lahtomuuttoja;24098
251;tk_keskus;2006;lahtomuuttoja;26868
252;tk_keskus;2007;lahtomuuttoja;27492
253;tk_keskus;2008;lahtomuuttoja;26529
254;tk_keskus;2009;lahtomuuttoja;25209
255;tk_keskus;2010;lahtomuuttoja;25880
256;tk_keskus;2011;lahtomuuttoja;27159
257;tk_keskus;2012;lahtomuuttoja;27031
258;tk_keskus;2013;lahtomuuttoja;26524
259;tk_keskus;2014;lahtomuuttoja;26783
260;tk_keskus;2015;lahtomuuttoja;27439
261;ydinms;2006;lahtomuuttoja;19583
262;ydinms;2007;lahtomuuttoja;19741
263;ydinms;2008;lahtomuuttoja;19928
264;ydinms;2009;lahtomuuttoja;18374
265;ydinms;2010;lahtomuuttoja;18886
266;ydinms;2011;lahtomuuttoja;19873
267;ydinms;2012;lahtomuuttoja;19733
268;ydinms;2013;lahtomuuttoja;19156
269;ydinms;2014;lahtomuuttoja;18825
270;ydinms;2015;lahtomuuttoja;19681
271;yo-kaup;2006;lahtomuuttoja;40050
272;yo-kaup;2007;lahtomuuttoja;41502
273;yo-kaup;2008;lahtomuuttoja;39310
274;yo-kaup;2009;lahtomuuttoja;37365
275;yo-kaup;2010;lahtomuuttoja;39734
276;yo-kaup;2011;lahtomuuttoja;41094
277;yo-kaup;2012;lahtomuuttoja;40377
278;yo-kaup;2013;lahtomuuttoja;38771
279;yo-kaup;2014;lahtomuuttoja;39013
280;yo-kaup;2015;lahtomuuttoja;41102
281;kaup;2006;lahtomuuttoja_osuus_asukkaista;0,037526572
282;kaup;2007;lahtomuuttoja_osuus_asukkaista;0,037958605
283;kaup;2008;lahtomuuttoja_osuus_asukkaista;0,035797891
284;kaup;2009;lahtomuuttoja_osuus_asukkaista;0,036267376
285;kaup;2010;lahtomuuttoja_osuus_asukkaista;0,037288509
286;kaup;2011;lahtomuuttoja_osuus_asukkaista;0,038280709
287;kaup;2012;lahtomuuttoja_osuus_asukkaista;0,038908481
288;kaup;2013;lahtomuuttoja_osuus_asukkaista;0,036340065
289;kaup;2014;lahtomuuttoja_osuus_asukkaista;0,036873245
290;kaup;2015;lahtomuuttoja_osuus_asukkaista;0,037612761
291;kaupms;2006;lahtomuuttoja_osuus_asukkaista;0,041157951
292;kaupms;2007;lahtomuuttoja_osuus_asukkaista;0,042465263
293;kaupms;2008;lahtomuuttoja_osuus_asukkaista;0,04402448
294;kaupms;2009;lahtomuuttoja_osuus_asukkaista;0,037934928
295;kaupms;2010;lahtomuuttoja_osuus_asukkaista;0,04146139
296;kaupms;2011;lahtomuuttoja_osuus_asukkaista;0,042468708
297;kaupms;2012;lahtomuuttoja_osuus_asukkaista;0,041892798
298;kaupms;2013;lahtomuuttoja_osuus_asukkaista;0,039704751
299;kaupms;2014;lahtomuuttoja_osuus_asukkaista;0,039426077
300;kaupms;2015;lahtomuuttoja_osuus_asukkaista;0,040024076
301;ms;2006;lahtomuuttoja_osuus_asukkaista;0,032473641
302;ms;2007;lahtomuuttoja_osuus_asukkaista;0,033380061
303;ms;2008;lahtomuuttoja_osuus_asukkaista;0,032527751
304;ms;2009;lahtomuuttoja_osuus_asukkaista;0,030306849
305;ms;2010;lahtomuuttoja_osuus_asukkaista;0,031385453
306;ms;2011;lahtomuuttoja_osuus_asukkaista;0,03317848
307;ms;2012;lahtomuuttoja_osuus_asukkaista;0,033035102
308;ms;2013;lahtomuuttoja_osuus_asukkaista;0,031493786
309;ms;2014;lahtomuuttoja_osuus_asukkaista;0,031491124
310;ms;2015;lahtomuuttoja_osuus_asukkaista;0,033029021
311;pk;2006;lahtomuuttoja_osuus_asukkaista;0,02585671
312;pk;2007;lahtomuuttoja_osuus_asukkaista;0,026747033
313;pk;2008;lahtomuuttoja_osuus_asukkaista;0,024405447
314;pk;2009;lahtomuuttoja_osuus_asukkaista;0,023719353
315;pk;2010;lahtomuuttoja_osuus_asukkaista;0,024182127
316;pk;2011;lahtomuuttoja_osuus_asukkaista;0,02382568
317;pk;2012;lahtomuuttoja_osuus_asukkaista;0,023608589
318;pk;2013;lahtomuuttoja_osuus_asukkaista;0,022400771
319;pk;2014;lahtomuuttoja_osuus_asukkaista;0,021924017
320;pk;2015;lahtomuuttoja_osuus_asukkaista;0,022268097
321;tk_keskus;2006;lahtomuuttoja_osuus_asukkaista;0,029355368
322;tk_keskus;2007;lahtomuuttoja_osuus_asukkaista;0,0300768
323;tk_keskus;2008;lahtomuuttoja_osuus_asukkaista;0,029027324
324;tk_keskus;2009;lahtomuuttoja_osuus_asukkaista;0,027577433
325;tk_keskus;2010;lahtomuuttoja_osuus_asukkaista;0,028293924
326;tk_keskus;2011;lahtomuuttoja_osuus_asukkaista;0,029665044
327;tk_keskus;2012;lahtomuuttoja_osuus_asukkaista;0,029521331
328;tk_keskus;2013;lahtomuuttoja_osuus_asukkaista;0,028971134
329;tk_keskus;2014;lahtomuuttoja_osuus_asukkaista;0,029286177
330;tk_keskus;2015;lahtomuuttoja_osuus_asukkaista;0,030060616
331;ydinms;2006;lahtomuuttoja_osuus_asukkaista;0,028132129
332;ydinms;2007;lahtomuuttoja_osuus_asukkaista;0,028505707
333;ydinms;2008;lahtomuuttoja_osuus_asukkaista;0,028902732
334;ydinms;2009;lahtomuuttoja_osuus_asukkaista;0,026797382
335;ydinms;2010;lahtomuuttoja_osuus_asukkaista;0,027685262
336;ydinms;2011;lahtomuuttoja_osuus_asukkaista;0,02925826
337;ydinms;2012;lahtomuuttoja_osuus_asukkaista;0,029200115
338;ydinms;2013;lahtomuuttoja_osuus_asukkaista;0,028500566
339;ydinms;2014;lahtomuuttoja_osuus_asukkaista;0,028204402
340;ydinms;2015;lahtomuuttoja_osuus_asukkaista;0,029697846
341;yo-kaup;2006;lahtomuuttoja_osuus_asukkaista;0,038527249
342;yo-kaup;2007;lahtomuuttoja_osuus_asukkaista;0,039701687
343;yo-kaup;2008;lahtomuuttoja_osuus_asukkaista;0,037392725
344;yo-kaup;2009;lahtomuuttoja_osuus_asukkaista;0,035247839
345;yo-kaup;2010;lahtomuuttoja_osuus_asukkaista;0,037191305
346;yo-kaup;2011;lahtomuuttoja_osuus_asukkaista;0,038146284
347;yo-kaup;2012;lahtomuuttoja_osuus_asukkaista;0,037167819
348;yo-kaup;2013;lahtomuuttoja_osuus_asukkaista;0,035335505
349;yo-kaup;2014;lahtomuuttoja_osuus_asukkaista;0,035202918
350;yo-kaup;2015;lahtomuuttoja_osuus_asukkaista;0,036732914
351;kaup;2006;tulomuuttaessa_tyollistyvia;2932
352;kaup;2007;tulomuuttaessa_tyollistyvia;2993
353;kaup;2008;tulomuuttaessa_tyollistyvia;2613
354;kaup;2009;tulomuuttaessa_tyollistyvia;1963
355;kaup;2010;tulomuuttaessa_tyollistyvia;2681
356;kaup;2011;tulomuuttaessa_tyollistyvia;2691
357;kaup;2012;tulomuuttaessa_tyollistyvia;2279
358;kaup;2013;tulomuuttaessa_tyollistyvia;2144
359;kaup;2014;tulomuuttaessa_tyollistyvia;2213
360;kaup;2015;tulomuuttaessa_tyollistyvia;2451
361;kaupms;2006;tulomuuttaessa_tyollistyvia;1877
362;kaupms;2007;tulomuuttaessa_tyollistyvia;1954
363;kaupms;2008;tulomuuttaessa_tyollistyvia;1669
364;kaupms;2009;tulomuuttaessa_tyollistyvia;1236
365;kaupms;2010;tulomuuttaessa_tyollistyvia;1669
366;kaupms;2011;tulomuuttaessa_tyollistyvia;1744
367;kaupms;2012;tulomuuttaessa_tyollistyvia;1493
368;kaupms;2013;tulomuuttaessa_tyollistyvia;1297
369;kaupms;2014;tulomuuttaessa_tyollistyvia;1343
370;kaupms;2015;tulomuuttaessa_tyollistyvia;1480
371;ms;2006;tulomuuttaessa_tyollistyvia;841
372;ms;2007;tulomuuttaessa_tyollistyvia;859
373;ms;2008;tulomuuttaessa_tyollistyvia;764
374;ms;2009;tulomuuttaessa_tyollistyvia;622
375;ms;2010;tulomuuttaessa_tyollistyvia;873
376;ms;2011;tulomuuttaessa_tyollistyvia;763
377;ms;2012;tulomuuttaessa_tyollistyvia;792
378;ms;2013;tulomuuttaessa_tyollistyvia;650
379;ms;2014;tulomuuttaessa_tyollistyvia;728
380;ms;2015;tulomuuttaessa_tyollistyvia;740
381;pk;2006;tulomuuttaessa_tyollistyvia;5081
382;pk;2007;tulomuuttaessa_tyollistyvia;5217
383;pk;2008;tulomuuttaessa_tyollistyvia;4949
384;pk;2009;tulomuuttaessa_tyollistyvia;3686
385;pk;2010;tulomuuttaessa_tyollistyvia;4601
386;pk;2011;tulomuuttaessa_tyollistyvia;4554
387;pk;2012;tulomuuttaessa_tyollistyvia;4298
388;pk;2013;tulomuuttaessa_tyollistyvia;4098
389;pk;2014;tulomuuttaessa_tyollistyvia;3972
390;pk;2015;tulomuuttaessa_tyollistyvia;4378
391;tk_keskus;2006;tulomuuttaessa_tyollistyvia;3007
392;tk_keskus;2007;tulomuuttaessa_tyollistyvia;3112
393;tk_keskus;2008;tulomuuttaessa_tyollistyvia;2663
394;tk_keskus;2009;tulomuuttaessa_tyollistyvia;2139
395;tk_keskus;2010;tulomuuttaessa_tyollistyvia;2962
396;tk_keskus;2011;tulomuuttaessa_tyollistyvia;3008
397;tk_keskus;2012;tulomuuttaessa_tyollistyvia;2619
398;tk_keskus;2013;tulomuuttaessa_tyollistyvia;2444
399;tk_keskus;2014;tulomuuttaessa_tyollistyvia;2613
400;tk_keskus;2015;tulomuuttaessa_tyollistyvia;2586
401;ydinms;2006;tulomuuttaessa_tyollistyvia;1620
402;ydinms;2007;tulomuuttaessa_tyollistyvia;1749
403;ydinms;2008;tulomuuttaessa_tyollistyvia;1453
404;ydinms;2009;tulomuuttaessa_tyollistyvia;1179
405;ydinms;2010;tulomuuttaessa_tyollistyvia;1536
406;ydinms;2011;tulomuuttaessa_tyollistyvia;1547
407;ydinms;2012;tulomuuttaessa_tyollistyvia;1387
408;ydinms;2013;tulomuuttaessa_tyollistyvia;1246
409;ydinms;2014;tulomuuttaessa_tyollistyvia;1305
410;ydinms;2015;tulomuuttaessa_tyollistyvia;1230
411;yo-kaup;2006;tulomuuttaessa_tyollistyvia;5453
412;yo-kaup;2007;tulomuuttaessa_tyollistyvia;5734
413;yo-kaup;2008;tulomuuttaessa_tyollistyvia;5250
414;yo-kaup;2009;tulomuuttaessa_tyollistyvia;4059
415;yo-kaup;2010;tulomuuttaessa_tyollistyvia;5380
416;yo-kaup;2011;tulomuuttaessa_tyollistyvia;5556
417;yo-kaup;2012;tulomuuttaessa_tyollistyvia;5166
418;yo-kaup;2013;tulomuuttaessa_tyollistyvia;4713
419;yo-kaup;2014;tulomuuttaessa_tyollistyvia;4620
420;yo-kaup;2015;tulomuuttaessa_tyollistyvia;4953
421;kaup;2006;tulomuuttaessa_tyollistyvia_osuus_tulomuuttajista;0,094252282
422;kaup;2007;tulomuuttaessa_tyollistyvia_osuus_tulomuuttajista;0,091914136
423;kaup;2008;tulomuuttaessa_tyollistyvia_osuus_tulomuuttajista;0,086721317
424;kaup;2009;tulomuuttaessa_tyollistyvia_osuus_tulomuuttajista;0,068105333
425;kaup;2010;tulomuuttaessa_tyollistyvia_osuus_tulomuuttajista;0,088739574
426;kaup;2011;tulomuuttaessa_tyollistyvia_osuus_tulomuuttajista;0,089984952
427;kaup;2012;tulomuuttaessa_tyollistyvia_osuus_tulomuuttajista;0,075378713
428;kaup;2013;tulomuuttaessa_tyollistyvia_osuus_tulomuuttajista;0,074048491
429;kaup;2014;tulomuuttaessa_tyollistyvia_osuus_tulomuuttajista;0,077099955
430;kaup;2015;tulomuuttaessa_tyollistyvia_osuus_tulomuuttajista;0,082483594
431;kaupms;2006;tulomuuttaessa_tyollistyvia_osuus_tulomuuttajista;0,076207877
432;kaupms;2007;tulomuuttaessa_tyollistyvia_osuus_tulomuuttajista;0,07747512
433;kaupms;2008;tulomuuttaessa_tyollistyvia_osuus_tulomuuttajista;0,073491854
434;kaupms;2009;tulomuuttaessa_tyollistyvia_osuus_tulomuuttajista;0,055894723
435;kaupms;2010;tulomuuttaessa_tyollistyvia_osuus_tulomuuttajista;0,075068592
436;kaupms;2011;tulomuuttaessa_tyollistyvia_osuus_tulomuuttajista;0,075550165
437;kaupms;2012;tulomuuttaessa_tyollistyvia_osuus_tulomuuttajista;0,065387816
438;kaupms;2013;tulomuuttaessa_tyollistyvia_osuus_tulomuuttajista;0,062799593
439;kaupms;2014;tulomuuttaessa_tyollistyvia_osuus_tulomuuttajista;0,065746316
440;kaupms;2015;tulomuuttaessa_tyollistyvia_osuus_tulomuuttajista;0,071222329
441;ms;2006;tulomuuttaessa_tyollistyvia_osuus_tulomuuttajista;0,101435291
442;ms;2007;tulomuuttaessa_tyollistyvia_osuus_tulomuuttajista;0,103195579
443;ms;2008;tulomuuttaessa_tyollistyvia_osuus_tulomuuttajista;0,094789082
444;ms;2009;tulomuuttaessa_tyollistyvia_osuus_tulomuuttajista;0,080144311
445;ms;2010;tulomuuttaessa_tyollistyvia_osuus_tulomuuttajista;0,103436019
446;ms;2011;tulomuuttaessa_tyollistyvia_osuus_tulomuuttajista;0,090199787
447;ms;2012;tulomuuttaessa_tyollistyvia_osuus_tulomuuttajista;0,097058824
448;ms;2013;tulomuuttaessa_tyollistyvia_osuus_tulomuuttajista;0,082330589
449;ms;2014;tulomuuttaessa_tyollistyvia_osuus_tulomuuttajista;0,094044697
450;ms;2015;tulomuuttaessa_tyollistyvia_osuus_tulomuuttajista;0,095570192
451;pk;2006;tulomuuttaessa_tyollistyvia_osuus_tulomuuttajista;0,199544437
452;pk;2007;tulomuuttaessa_tyollistyvia_osuus_tulomuuttajista;0,202854032
453;pk;2008;tulomuuttaessa_tyollistyvia_osuus_tulomuuttajista;0,180462369
454;pk;2009;tulomuuttaessa_tyollistyvia_osuus_tulomuuttajista;0,148688987
455;pk;2010;tulomuuttaessa_tyollistyvia_osuus_tulomuuttajista;0,179712522
456;pk;2011;tulomuuttaessa_tyollistyvia_osuus_tulomuuttajista;0,169331449
457;pk;2012;tulomuuttaessa_tyollistyvia_osuus_tulomuuttajista;0,154565397
458;pk;2013;tulomuuttaessa_tyollistyvia_osuus_tulomuuttajista;0,152466701
459;pk;2014;tulomuuttaessa_tyollistyvia_osuus_tulomuuttajista;0,142898259
460;pk;2015;tulomuuttaessa_tyollistyvia_osuus_tulomuuttajista;0,146730569
461;tk_keskus;2006;tulomuuttaessa_tyollistyvia_osuus_tulomuuttajista;0,123101486
462;tk_keskus;2007;tulomuuttaessa_tyollistyvia_osuus_tulomuuttajista;0,12255346
463;tk_keskus;2008;tulomuuttaessa_tyollistyvia_osuus_tulomuuttajista;0,108335706
464;tk_keskus;2009;tulomuuttaessa_tyollistyvia_osuus_tulomuuttajista;0,090662485
465;tk_keskus;2010;tulomuuttaessa_tyollistyvia_osuus_tulomuuttajista;0,119860796
466;tk_keskus;2011;tulomuuttaessa_tyollistyvia_osuus_tulomuuttajista;0,116702231
467;tk_keskus;2012;tulomuuttaessa_tyollistyvia_osuus_tulomuuttajista;0,104425837
468;tk_keskus;2013;tulomuuttaessa_tyollistyvia_osuus_tulomuuttajista;0,100891678
469;tk_keskus;2014;tulomuuttaessa_tyollistyvia_osuus_tulomuuttajista;0,108100281
470;tk_keskus;2015;tulomuuttaessa_tyollistyvia_osuus_tulomuuttajista;0,105100589
471;ydinms;2006;tulomuuttaessa_tyollistyvia_osuus_tulomuuttajista;0,096687556
472;ydinms;2007;tulomuuttaessa_tyollistyvia_osuus_tulomuuttajista;0,101367799
473;ydinms;2008;tulomuuttaessa_tyollistyvia_osuus_tulomuuttajista;0,088694909
474;ydinms;2009;tulomuuttaessa_tyollistyvia_osuus_tulomuuttajista;0,075296973
475;ydinms;2010;tulomuuttaessa_tyollistyvia_osuus_tulomuuttajista;0,093169962
476;ydinms;2011;tulomuuttaessa_tyollistyvia_osuus_tulomuuttajista;0,090711856
477;ydinms;2012;tulomuuttaessa_tyollistyvia_osuus_tulomuuttajista;0,084229064
478;ydinms;2013;tulomuuttaessa_tyollistyvia_osuus_tulomuuttajista;0,079759314
479;ydinms;2014;tulomuuttaessa_tyollistyvia_osuus_tulomuuttajista;0,084133841
480;ydinms;2015;tulomuuttaessa_tyollistyvia_osuus_tulomuuttajista;0,080624017
481;yo-kaup;2006;tulomuuttaessa_tyollistyvia_osuus_tulomuuttajista;0,13562315
482;yo-kaup;2007;tulomuuttaessa_tyollistyvia_osuus_tulomuuttajista;0,13830865
483;yo-kaup;2008;tulomuuttaessa_tyollistyvia_osuus_tulomuuttajista;0,128130034
484;yo-kaup;2009;tulomuuttaessa_tyollistyvia_osuus_tulomuuttajista;0,103824018
485;yo-kaup;2010;tulomuuttaessa_tyollistyvia_osuus_tulomuuttajista;0,128970394
486;yo-kaup;2011;tulomuuttaessa_tyollistyvia_osuus_tulomuuttajista;0,126655573
487;yo-kaup;2012;tulomuuttaessa_tyollistyvia_osuus_tulomuuttajista;0,117697986
488;yo-kaup;2013;tulomuuttaessa_tyollistyvia_osuus_tulomuuttajista;0,109203392
489;yo-kaup;2014;tulomuuttaessa_tyollistyvia_osuus_tulomuuttajista;0,106473693
490;yo-kaup;2015;tulomuuttaessa_tyollistyvia_osuus_tulomuuttajista;0,108804534
491;kaup;2006;tulomuuttoja;31108
492;kaup;2007;tulomuuttoja;32563
493;kaup;2008;tulomuuttoja;30131
494;kaup;2009;tulomuuttoja;28823
495;kaup;2010;tulomuuttoja;30212
496;kaup;2011;tulomuuttoja;29905
497;kaup;2012;tulomuuttoja;30234
498;kaup;2013;tulomuuttoja;28954
499;kaup;2014;tulomuuttoja;28703
500;kaup;2015;tulomuuttoja;29715
501;kaupms;2006;tulomuuttoja;24630
502;kaupms;2007;tulomuuttoja;25221
503;kaupms;2008;tulomuuttoja;22710
504;kaupms;2009;tulomuuttoja;22113
505;kaupms;2010;tulomuuttoja;22233
506;kaupms;2011;tulomuuttoja;23084
507;kaupms;2012;tulomuuttoja;22833
508;kaupms;2013;tulomuuttoja;20653
509;kaupms;2014;tulomuuttoja;20427
510;kaupms;2015;tulomuuttoja;20780
511;ms;2006;tulomuuttoja;8291
512;ms;2007;tulomuuttoja;8324
513;ms;2008;tulomuuttoja;8060
514;ms;2009;tulomuuttoja;7761
515;ms;2010;tulomuuttoja;8440
516;ms;2011;tulomuuttoja;8459
517;ms;2012;tulomuuttoja;8160
518;ms;2013;tulomuuttoja;7895
519;ms;2014;tulomuuttoja;7741
520;ms;2015;tulomuuttoja;7743
521;pk;2006;tulomuuttoja;25463
522;pk;2007;tulomuuttoja;25718
523;pk;2008;tulomuuttoja;27424
524;pk;2009;tulomuuttoja;24790
525;pk;2010;tulomuuttoja;25602
526;pk;2011;tulomuuttoja;26894
527;pk;2012;tulomuuttoja;27807
528;pk;2013;tulomuuttoja;26878
529;pk;2014;tulomuuttoja;27796
530;pk;2015;tulomuuttoja;29837
531;tk_keskus;2006;tulomuuttoja;24427
532;tk_keskus;2007;tulomuuttoja;25393
533;tk_keskus;2008;tulomuuttoja;24581
534;tk_keskus;2009;tulomuuttoja;23593
535;tk_keskus;2010;tulomuuttoja;24712
536;tk_keskus;2011;tulomuuttoja;25775
537;tk_keskus;2012;tulomuuttoja;25080
538;tk_keskus;2013;tulomuuttoja;24224
539;tk_keskus;2014;tulomuuttoja;24172
540;tk_keskus;2015;tulomuuttoja;24605
541;ydinms;2006;tulomuuttoja;16755
542;ydinms;2007;tulomuuttoja;17254
543;ydinms;2008;tulomuuttoja;16382
544;ydinms;2009;tulomuuttoja;15658
545;ydinms;2010;tulomuuttoja;16486
546;ydinms;2011;tulomuuttoja;17054
547;ydinms;2012;tulomuuttoja;16467
548;ydinms;2013;tulomuuttoja;15622
549;ydinms;2014;tulomuuttoja;15511
550;ydinms;2015;tulomuuttoja;15256
551;yo-kaup;2006;tulomuuttoja;40207
552;yo-kaup;2007;tulomuuttoja;41458
553;yo-kaup;2008;tulomuuttoja;40974
554;yo-kaup;2009;tulomuuttoja;39095
555;yo-kaup;2010;tulomuuttoja;41715
556;yo-kaup;2011;tulomuuttoja;43867
557;yo-kaup;2012;tulomuuttoja;43892
558;yo-kaup;2013;tulomuuttoja;43158
559;yo-kaup;2014;tulomuuttoja;43391
560;yo-kaup;2015;tulomuuttoja;45522
561;kaup;2006;tulomuuttoja_osuus_asukkaista;0,042262687
562;kaup;2007;tulomuuttoja_osuus_asukkaista;0,043737198
563;kaup;2008;tulomuuttoja_osuus_asukkaista;0,040058923
564;kaup;2009;tulomuuttoja_osuus_asukkaista;0,03802311
565;kaup;2010;tulomuuttoja_osuus_asukkaista;0,039553407
566;kaup;2011;tulomuuttoja_osuus_asukkaista;0,038921571
567;kaup;2012;tulomuuttoja_osuus_asukkaista;0,039132393
568;kaup;2013;tulomuuttoja_osuus_asukkaista;0,037241165
569;kaup;2014;tulomuuttoja_osuus_asukkaista;0,036754848
570;kaup;2015;tulomuuttoja_osuus_asukkaista;0,037887626
571;kaupms;2006;tulomuuttoja_osuus_asukkaista;0,048200175
572;kaupms;2007;tulomuuttoja_osuus_asukkaista;0,048772045
573;kaupms;2008;tulomuuttoja_osuus_asukkaista;0,043693411
574;kaupms;2009;tulomuuttoja_osuus_asukkaista;0,042136694
575;kaupms;2010;tulomuuttoja_osuus_asukkaista;0,0421003
576;kaupms;2011;tulomuuttoja_osuus_asukkaista;0,04343809
577;kaupms;2012;tulomuuttoja_osuus_asukkaista;0,042722825
578;kaupms;2013;tulomuuttoja_osuus_asukkaista;0,038505208
579;kaupms;2014;tulomuuttoja_osuus_asukkaista;0,037977719
580;kaupms;2015;tulomuuttoja_osuus_asukkaista;0,038544366
581;ms;2006;tulomuuttoja_osuus_asukkaista;0,024724013
582;ms;2007;tulomuuttoja_osuus_asukkaista;0,025145605
583;ms;2008;tulomuuttoja_osuus_asukkaista;0,024657744
584;ms;2009;tulomuuttoja_osuus_asukkaista;0,024010024
585;ms;2010;tulomuuttoja_osuus_asukkaista;0,026360502
586;ms;2011;tulomuuttoja_osuus_asukkaista;0,026729316
587;ms;2012;tulomuuttoja_osuus_asukkaista;0,02609338
588;ms;2013;tulomuuttoja_osuus_asukkaista;0,025522987
589;ms;2014;tulomuuttoja_osuus_asukkaista;0,025320058
590;ms;2015;tulomuuttoja_osuus_asukkaista;0,025676397
591;pk;2006;tulomuuttoja_osuus_asukkaista;0,026282027
592;pk;2007;tulomuuttoja_osuus_asukkaista;0,026320718
593;pk;2008;tulomuuttoja_osuus_asukkaista;0,027701878
594;pk;2009;tulomuuttoja_osuus_asukkaista;0,024720141
595;pk;2010;tulomuuttoja_osuus_asukkaista;0,025239361
596;pk;2011;tulomuuttoja_osuus_asukkaista;0,026194043
597;pk;2012;tulomuuttoja_osuus_asukkaista;0,026706967
598;pk;2013;tulomuuttoja_osuus_asukkaista;0,025453037
599;pk;2014;tulomuuttoja_osuus_asukkaista;0,02594239
600;pk;2015;tulomuuttoja_osuus_asukkaista;0,027425856
601;tk_keskus;2006;tulomuuttoja_osuus_asukkaista;0,026759755
602;tk_keskus;2007;tulomuuttoja_osuus_asukkaista;0,027844392
603;tk_keskus;2008;tulomuuttoja_osuus_asukkaista;0,026953324
604;tk_keskus;2009;tulomuuttoja_osuus_asukkaista;0,025855314
605;tk_keskus;2010;tulomuuttoja_osuus_asukkaista;0,027051524
606;tk_keskus;2011;tulomuuttoja_osuus_asukkaista;0,028195962
607;tk_keskus;2012;tulomuuttoja_osuus_asukkaista;0,027449075
608;tk_keskus;2013;tulomuuttoja_osuus_asukkaista;0,026525571
609;tk_keskus;2014;tulomuuttoja_osuus_asukkaista;0,026506827
610;tk_keskus;2015;tulomuuttoja_osuus_asukkaista;0,027039799
611;ydinms;2006;tulomuuttoja_osuus_asukkaista;0,024167724
612;ydinms;2007;tulomuuttoja_osuus_asukkaista;0,025004311
613;ydinms;2008;tulomuuttoja_osuus_asukkaista;0,02388259
614;ydinms;2009;tulomuuttoja_osuus_asukkaista;0,022927075
615;ydinms;2010;tulomuuttoja_osuus_asukkaista;0,024252392
616;ydinms;2011;tulomuuttoja_osuus_asukkaista;0,025212594
617;ydinms;2012;tulomuuttoja_osuus_asukkaista;0,024485554
618;ydinms;2013;tulomuuttoja_osuus_asukkaista;0,023365485
619;ydinms;2014;tulomuuttoja_osuus_asukkaista;0,023355191
620;ydinms;2015;tulomuuttoja_osuus_asukkaista;0,023175443
621;yo-kaup;2006;tulomuuttoja_osuus_asukkaista;0,038672439
622;yo-kaup;2007;tulomuuttoja_osuus_asukkaista;0,039661265
623;yo-kaup;2008;tulomuuttoja_osuus_asukkaista;0,038913972
624;yo-kaup;2009;tulomuuttoja_osuus_asukkaista;0,036819725
625;yo-kaup;2010;tulomuuttoja_osuus_asukkaista;0,038973269
626;yo-kaup;2011;tulomuuttoja_osuus_asukkaista;0,040615825
627;yo-kaup;2012;tulomuuttoja_osuus_asukkaista;0,040273137
628;yo-kaup;2013;tulomuuttoja_osuus_asukkaista;0,039177133
629;yo-kaup;2014;tulomuuttoja_osuus_asukkaista;0,03899929
630;yo-kaup;2015;tulomuuttoja_osuus_asukkaista;0,040523001
631;kaup;2006;tyolliset;342841
632;kaup;2007;tyolliset;352080
633;kaup;2008;tyolliset;353878
634;kaup;2009;tyolliset;339757
635;kaup;2010;tyolliset;344716
636;kaup;2011;tyolliset;349405
637;kaup;2012;tyolliset;347583
638;kaup;2013;tyolliset;340772
639;kaup;2014;tyolliset;336361
640;kaup;2015;tyolliset;333732
641;kaupms;2006;tyolliset;230709
642;kaupms;2007;tyolliset;237021
643;kaupms;2008;tyolliset;237826
644;kaupms;2009;tyolliset;231122
645;kaupms;2010;tyolliset;235478
646;kaupms;2011;tyolliset;238772
647;kaupms;2012;tyolliset;238184
648;kaupms;2013;tyolliset;234239
649;kaupms;2014;tyolliset;231235
650;kaupms;2015;tyolliset;229202
651;ms;2006;tyolliset;118988
652;ms;2007;tyolliset;120552
653;ms;2008;tyolliset;118182
654;ms;2009;tyolliset;113465
655;ms;2010;tyolliset;115204
656;ms;2011;tyolliset;114233
657;ms;2012;tyolliset;111870
658;ms;2013;tyolliset;108204
659;ms;2014;tyolliset;105752
660;ms;2015;tyolliset;103260
661;pk;2006;tyolliset;492649
662;pk;2007;tyolliset;507226
663;pk;2008;tyolliset;516485
664;pk;2009;tyolliset;504550
665;pk;2010;tyolliset;509868
666;pk;2011;tyolliset;517427
667;pk;2012;tyolliset;519952
668;pk;2013;tyolliset;516915
669;pk;2014;tyolliset;514683
670;pk;2015;tyolliset;517581
671;tk_keskus;2006;tyolliset;381641
672;tk_keskus;2007;tyolliset;388759
673;tk_keskus;2008;tyolliset;386608
674;tk_keskus;2009;tyolliset;369040
675;tk_keskus;2010;tyolliset;374323
676;tk_keskus;2011;tyolliset;376996
677;tk_keskus;2012;tyolliset;370660
678;tk_keskus;2013;tyolliset;362230
679;tk_keskus;2014;tyolliset;355815
680;tk_keskus;2015;tyolliset;349640
681;ydinms;2006;tyolliset;281290
682;ydinms;2007;tyolliset;284887
683;ydinms;2008;tyolliset;281013
684;ydinms;2009;tyolliset;268448
685;ydinms;2010;tyolliset;272504
686;ydinms;2011;tyolliset;273356
687;ydinms;2012;tyolliset;267689
688;ydinms;2013;tyolliset;261189
689;ydinms;2014;tyolliset;255317
690;ydinms;2015;tyolliset;249515
691;yo-kaup;2006;tyolliset;458372
692;yo-kaup;2007;tyolliset;469447
693;yo-kaup;2008;tyolliset;472964
694;yo-kaup;2009;tyolliset;455620
695;yo-kaup;2010;tyolliset;465776
696;yo-kaup;2011;tyolliset;474427
697;yo-kaup;2012;tyolliset;473435
698;yo-kaup;2013;tyolliset;468204
699;yo-kaup;2014;tyolliset;465340
700;yo-kaup;2015;tyolliset;465122
701;kaup;2006;tyollisten_lahtomuuttoja;11653
702;kaup;2007;tyollisten_lahtomuuttoja;12598
703;kaup;2008;tyollisten_lahtomuuttoja;12129
704;kaup;2009;tyollisten_lahtomuuttoja;11684
705;kaup;2010;tyollisten_lahtomuuttoja;11843
706;kaup;2011;tyollisten_lahtomuuttoja;12794
707;kaup;2012;tyollisten_lahtomuuttoja;12990
708;kaup;2013;tyollisten_lahtomuuttoja;11905
709;kaup;2014;tyollisten_lahtomuuttoja;11472
710;kaup;2015;tyollisten_lahtomuuttoja;11788
711;kaupms;2006;tyollisten_lahtomuuttoja;8200
712;kaupms;2007;tyollisten_lahtomuuttoja;8957
713;kaupms;2008;tyollisten_lahtomuuttoja;9448
714;kaupms;2009;tyollisten_lahtomuuttoja;7798
715;kaupms;2010;tyollisten_lahtomuuttoja;8451
716;kaupms;2011;tyollisten_lahtomuuttoja;8977
717;kaupms;2012;tyollisten_lahtomuuttoja;9023
718;kaupms;2013;tyollisten_lahtomuuttoja;8143
719;kaupms;2014;tyollisten_lahtomuuttoja;8056
720;kaupms;2015;tyollisten_lahtomuuttoja;7992
721;ms;2006;tyollisten_lahtomuuttoja;3049
722;ms;2007;tyollisten_lahtomuuttoja;3290
723;ms;2008;tyollisten_lahtomuuttoja;3332
724;ms;2009;tyollisten_lahtomuuttoja;2738
725;ms;2010;tyollisten_lahtomuuttoja;2790
726;ms;2011;tyollisten_lahtomuuttoja;3184
727;ms;2012;tyollisten_lahtomuuttoja;3035
728;ms;2013;tyollisten_lahtomuuttoja;2751
729;ms;2014;tyollisten_lahtomuuttoja;2570
730;ms;2015;tyollisten_lahtomuuttoja;2561
731;pk;2006;tyollisten_lahtomuuttoja;11952
732;pk;2007;tyollisten_lahtomuuttoja;12878
733;pk;2008;tyollisten_lahtomuuttoja;11944
734;pk;2009;tyollisten_lahtomuuttoja;11181
735;pk;2010;tyollisten_lahtomuuttoja;11580
736;pk;2011;tyollisten_lahtomuuttoja;11666
737;pk;2012;tyollisten_lahtomuuttoja;11568
738;pk;2013;tyollisten_lahtomuuttoja;10602
739;pk;2014;tyollisten_lahtomuuttoja;10275
740;pk;2015;tyollisten_lahtomuuttoja;10291
741;tk_keskus;2006;tyollisten_lahtomuuttoja;9196
742;tk_keskus;2007;tyollisten_lahtomuuttoja;10117
743;tk_keskus;2008;tyollisten_lahtomuuttoja;9894
744;tk_keskus;2009;tyollisten_lahtomuuttoja;8754
745;tk_keskus;2010;tyollisten_lahtomuuttoja;8918
746;tk_keskus;2011;tyollisten_lahtomuuttoja;9650
747;tk_keskus;2012;tyollisten_lahtomuuttoja;9690
748;tk_keskus;2013;tyollisten_lahtomuuttoja;9016
749;tk_keskus;2014;tyollisten_lahtomuuttoja;8877
750;tk_keskus;2015;tyollisten_lahtomuuttoja;9233
751;ydinms;2006;tyollisten_lahtomuuttoja;6222
752;ydinms;2007;tyollisten_lahtomuuttoja;6833
753;ydinms;2008;tyollisten_lahtomuuttoja;6969
754;ydinms;2009;tyollisten_lahtomuuttoja;5949
755;ydinms;2010;tyollisten_lahtomuuttoja;5806
756;ydinms;2011;tyollisten_lahtomuuttoja;6570
757;ydinms;2012;tyollisten_lahtomuuttoja;6604
758;ydinms;2013;tyollisten_lahtomuuttoja;6001
759;ydinms;2014;tyollisten_lahtomuuttoja;5776
760;ydinms;2015;tyollisten_lahtomuuttoja;5945
761;yo-kaup;2006;tyollisten_lahtomuuttoja;16919
762;yo-kaup;2007;tyollisten_lahtomuuttoja;18020
763;yo-kaup;2008;tyollisten_lahtomuuttoja;17450
764;yo-kaup;2009;tyollisten_lahtomuuttoja;15927
765;yo-kaup;2010;tyollisten_lahtomuuttoja;16674
766;yo-kaup;2011;tyollisten_lahtomuuttoja;17968
767;yo-kaup;2012;tyollisten_lahtomuuttoja;17259
768;yo-kaup;2013;tyollisten_lahtomuuttoja;15982
769;yo-kaup;2014;tyollisten_lahtomuuttoja;15476
770;yo-kaup;2015;tyollisten_lahtomuuttoja;16106
771;kaup;2006;tyollisten_tulomuuttoja;14941
772;kaup;2007;tyollisten_tulomuuttoja;16131
773;kaup;2008;tyollisten_tulomuuttoja;14894
774;kaup;2009;tyollisten_tulomuuttoja;13686
775;kaup;2010;tyollisten_tulomuuttoja;14063
776;kaup;2011;tyollisten_tulomuuttoja;14174
777;kaup;2012;tyollisten_tulomuuttoja;14402
778;kaup;2013;tyollisten_tulomuuttoja;13015
779;kaup;2014;tyollisten_tulomuuttoja;12629
780;kaup;2015;tyollisten_tulomuuttoja;12760
781;kaupms;2006;tyollisten_tulomuuttoja;11754
782;kaupms;2007;tyollisten_tulomuuttoja;12235
783;kaupms;2008;tyollisten_tulomuuttoja;11187
784;kaupms;2009;tyollisten_tulomuuttoja;10623
785;kaupms;2010;tyollisten_tulomuuttoja;10642
786;kaupms;2011;tyollisten_tulomuuttoja;11241
787;kaupms;2012;tyollisten_tulomuuttoja;10953
788;kaupms;2013;tyollisten_tulomuuttoja;9658
789;kaupms;2014;tyollisten_tulomuuttoja;9116
790;kaupms;2015;tyollisten_tulomuuttoja;9212
791;ms;2006;tyollisten_tulomuuttoja;2638
792;ms;2007;tyollisten_tulomuuttoja;2787
793;ms;2008;tyollisten_tulomuuttoja;2786
794;ms;2009;tyollisten_tulomuuttoja;2536
795;ms;2010;tyollisten_tulomuuttoja;2710
796;ms;2011;tyollisten_tulomuuttoja;2850
797;ms;2012;tyollisten_tulomuuttoja;2706
798;ms;2013;tyollisten_tulomuuttoja;2521
799;ms;2014;tyollisten_tulomuuttoja;2367
800;ms;2015;tyollisten_tulomuuttoja;2363
801;pk;2006;tyollisten_tulomuuttoja;10182
802;pk;2007;tyollisten_tulomuuttoja;10927
803;pk;2008;tyollisten_tulomuuttoja;11866
804;pk;2009;tyollisten_tulomuuttoja;10517
805;pk;2010;tyollisten_tulomuuttoja;10520
806;pk;2011;tyollisten_tulomuuttoja;11651
807;pk;2012;tyollisten_tulomuuttoja;11984
808;pk;2013;tyollisten_tulomuuttoja;11202
809;pk;2014;tyollisten_tulomuuttoja;11233
810;pk;2015;tyollisten_tulomuuttoja;11949
811;tk_keskus;2006;tyollisten_tulomuuttoja;8227
812;tk_keskus;2007;tyollisten_tulomuuttoja;9231
813;tk_keskus;2008;tyollisten_tulomuuttoja;9159
814;tk_keskus;2009;tyollisten_tulomuuttoja;8034
815;tk_keskus;2010;tyollisten_tulomuuttoja;8236
816;tk_keskus;2011;tyollisten_tulomuuttoja;9244
817;tk_keskus;2012;tyollisten_tulomuuttoja;8697
818;tk_keskus;2013;tyollisten_tulomuuttoja;8101
819;tk_keskus;2014;tyollisten_tulomuuttoja;7789
820;tk_keskus;2015;tyollisten_tulomuuttoja;7779
821;ydinms;2006;tyollisten_tulomuuttoja;5944
822;ydinms;2007;tyollisten_tulomuuttoja;6579
823;ydinms;2008;tyollisten_tulomuuttoja;6298
824;ydinms;2009;tyollisten_tulomuuttoja;5617
825;ydinms;2010;tyollisten_tulomuuttoja;5938
826;ydinms;2011;tyollisten_tulomuuttoja;6361
827;ydinms;2012;tyollisten_tulomuuttoja;6054
828;ydinms;2013;tyollisten_tulomuuttoja;5574
829;ydinms;2014;tyollisten_tulomuuttoja;5315
830;ydinms;2015;tyollisten_tulomuuttoja;5222
831;yo-kaup;2006;tyollisten_tulomuuttoja;13505
832;yo-kaup;2007;tyollisten_tulomuuttoja;14803
833;yo-kaup;2008;tyollisten_tulomuuttoja;14976
834;yo-kaup;2009;tyollisten_tulomuuttoja;13018
835;yo-kaup;2010;tyollisten_tulomuuttoja;13953
836;yo-kaup;2011;tyollisten_tulomuuttoja;15288
837;yo-kaup;2012;tyollisten_tulomuuttoja;15373
838;yo-kaup;2013;tyollisten_tulomuuttoja;14329
839;yo-kaup;2014;tyollisten_tulomuuttoja;14053
840;yo-kaup;2015;tyollisten_tulomuuttoja;14631
841;kaup;2006;tyon_lahtomuuttoja;22154
842;kaup;2007;tyon_lahtomuuttoja;23929
843;kaup;2008;tyon_lahtomuuttoja;25380
844;kaup;2009;tyon_lahtomuuttoja;21714
845;kaup;2010;tyon_lahtomuuttoja;21948
846;kaup;2011;tyon_lahtomuuttoja;25235
847;kaup;2012;tyon_lahtomuuttoja;24174
848;kaup;2013;tyon_lahtomuuttoja;24476
849;kaup;2014;tyon_lahtomuuttoja;21846
850;kaup;2015;tyon_lahtomuuttoja;23550
851;kaupms;2006;tyon_lahtomuuttoja;14649
852;kaupms;2007;tyon_lahtomuuttoja;15940
853;kaupms;2008;tyon_lahtomuuttoja;15663
854;kaupms;2009;tyon_lahtomuuttoja;13645
855;kaupms;2010;tyon_lahtomuuttoja;13960
856;kaupms;2011;tyon_lahtomuuttoja;16485
857;kaupms;2012;tyon_lahtomuuttoja;14598
858;kaupms;2013;tyon_lahtomuuttoja;16225
859;kaupms;2014;tyon_lahtomuuttoja;13456
860;kaupms;2015;tyon_lahtomuuttoja;14855
861;ms;2006;tyon_lahtomuuttoja;5579
862;ms;2007;tyon_lahtomuuttoja;6234
863;ms;2008;tyon_lahtomuuttoja;5996
864;ms;2009;tyon_lahtomuuttoja;5351
865;ms;2010;tyon_lahtomuuttoja;5720
866;ms;2011;tyon_lahtomuuttoja;6229
867;ms;2012;tyon_lahtomuuttoja;5496
868;ms;2013;tyon_lahtomuuttoja;5653
869;ms;2014;tyon_lahtomuuttoja;4879
870;ms;2015;tyon_lahtomuuttoja;5380
871;pk;2006;tyon_lahtomuuttoja;23834
872;pk;2007;tyon_lahtomuuttoja;23825
873;pk;2008;tyon_lahtomuuttoja;24891
874;pk;2009;tyon_lahtomuuttoja;20453
875;pk;2010;tyon_lahtomuuttoja;20741
876;pk;2011;tyon_lahtomuuttoja;22977
877;pk;2012;tyon_lahtomuuttoja;21753
878;pk;2013;tyon_lahtomuuttoja;22597
879;pk;2014;tyon_lahtomuuttoja;20350
880;pk;2015;tyon_lahtomuuttoja;21735
881;tk_keskus;2006;tyon_lahtomuuttoja;19133
882;tk_keskus;2007;tyon_lahtomuuttoja;21494
883;tk_keskus;2008;tyon_lahtomuuttoja;20806
884;tk_keskus;2009;tyon_lahtomuuttoja;18501
885;tk_keskus;2010;tyon_lahtomuuttoja;19545
886;tk_keskus;2011;tyon_lahtomuuttoja;21303
887;tk_keskus;2012;tyon_lahtomuuttoja;20922
888;tk_keskus;2013;tyon_lahtomuuttoja;19808
889;tk_keskus;2014;tyon_lahtomuuttoja;18749
890;tk_keskus;2015;tyon_lahtomuuttoja;19169
891;ydinms;2006;tyon_lahtomuuttoja;12825
892;ydinms;2007;tyon_lahtomuuttoja;14070
893;ydinms;2008;tyon_lahtomuuttoja;14287
894;ydinms;2009;tyon_lahtomuuttoja;12792
895;ydinms;2010;tyon_lahtomuuttoja;13417
896;ydinms;2011;tyon_lahtomuuttoja;14693
897;ydinms;2012;tyon_lahtomuuttoja;13532
898;ydinms;2013;tyon_lahtomuuttoja;13911
899;ydinms;2014;tyon_lahtomuuttoja;12475
900;ydinms;2015;tyon_lahtomuuttoja;13039
901;yo-kaup;2006;tyon_lahtomuuttoja;26436
902;yo-kaup;2007;tyon_lahtomuuttoja;28914
903;yo-kaup;2008;tyon_lahtomuuttoja;29508
904;yo-kaup;2009;tyon_lahtomuuttoja;25637
905;yo-kaup;2010;tyon_lahtomuuttoja;28488
906;yo-kaup;2011;tyon_lahtomuuttoja;29515
907;yo-kaup;2012;tyon_lahtomuuttoja;27546
908;yo-kaup;2013;tyon_lahtomuuttoja;28586
909;yo-kaup;2014;tyon_lahtomuuttoja;26076
910;yo-kaup;2015;tyon_lahtomuuttoja;28187
911;kaup;2006;tyon_tulomuuttoja;23498
912;kaup;2007;tyon_tulomuuttoja;26026
913;kaup;2008;tyon_tulomuuttoja;25959
914;kaup;2009;tyon_tulomuuttoja;21784
915;kaup;2010;tyon_tulomuuttoja;23202
916;kaup;2011;tyon_tulomuuttoja;25457
917;kaup;2012;tyon_tulomuuttoja;24002
918;kaup;2013;tyon_tulomuuttoja;24397
919;kaup;2014;tyon_tulomuuttoja;20917
920;kaup;2015;tyon_tulomuuttoja;24222
921;kaupms;2006;tyon_tulomuuttoja;14163
922;kaupms;2007;tyon_tulomuuttoja;15869
923;kaupms;2008;tyon_tulomuuttoja;16667
924;kaupms;2009;tyon_tulomuuttoja;14066
925;kaupms;2010;tyon_tulomuuttoja;14577
926;kaupms;2011;tyon_tulomuuttoja;16449
927;kaupms;2012;tyon_tulomuuttoja;15697
928;kaupms;2013;tyon_tulomuuttoja;16108
929;kaupms;2014;tyon_tulomuuttoja;14182
930;kaupms;2015;tyon_tulomuuttoja;14202
931;ms;2006;tyon_tulomuuttoja;5035
932;ms;2007;tyon_tulomuuttoja;5492
933;ms;2008;tyon_tulomuuttoja;5699
934;ms;2009;tyon_tulomuuttoja;4961
935;ms;2010;tyon_tulomuuttoja;5574
936;ms;2011;tyon_tulomuuttoja;5439
937;ms;2012;tyon_tulomuuttoja;5302
938;ms;2013;tyon_tulomuuttoja;5503
939;ms;2014;tyon_tulomuuttoja;4985
940;ms;2015;tyon_tulomuuttoja;4687
941;pk;2006;tyon_tulomuuttoja;22257
942;pk;2007;tyon_tulomuuttoja;24117
943;pk;2008;tyon_tulomuuttoja;24282
944;pk;2009;tyon_tulomuuttoja;21493
945;pk;2010;tyon_tulomuuttoja;22423
946;pk;2011;tyon_tulomuuttoja;24654
947;pk;2012;tyon_tulomuuttoja;23024
948;pk;2013;tyon_tulomuuttoja;23671
949;pk;2014;tyon_tulomuuttoja;22302
950;pk;2015;tyon_tulomuuttoja;24006
951;tk_keskus;2006;tyon_tulomuuttoja;19606
952;tk_keskus;2007;tyon_tulomuuttoja;19953
953;tk_keskus;2008;tyon_tulomuuttoja;20993
954;tk_keskus;2009;tyon_tulomuuttoja;18522
955;tk_keskus;2010;tyon_tulomuuttoja;19518
956;tk_keskus;2011;tyon_tulomuuttoja;20570
957;tk_keskus;2012;tyon_tulomuuttoja;18986
958;tk_keskus;2013;tyon_tulomuuttoja;20496
959;tk_keskus;2014;tyon_tulomuuttoja;17482
960;tk_keskus;2015;tyon_tulomuuttoja;18907
961;ydinms;2006;tyon_tulomuuttoja;12258
962;ydinms;2007;tyon_tulomuuttoja;13324
963;ydinms;2008;tyon_tulomuuttoja;13323
964;ydinms;2009;tyon_tulomuuttoja;11473
965;ydinms;2010;tyon_tulomuuttoja;12515
966;ydinms;2011;tyon_tulomuuttoja;13387
967;ydinms;2012;tyon_tulomuuttoja;12524
968;ydinms;2013;tyon_tulomuuttoja;12725
969;ydinms;2014;tyon_tulomuuttoja;11371
970;ydinms;2015;tyon_tulomuuttoja;11308
971;yo-kaup;2006;tyon_tulomuuttoja;27793
972;yo-kaup;2007;tyon_tulomuuttoja;29625
973;yo-kaup;2008;tyon_tulomuuttoja;29608
974;yo-kaup;2009;tyon_tulomuuttoja;25794
975;yo-kaup;2010;tyon_tulomuuttoja;26010
976;yo-kaup;2011;tyon_tulomuuttoja;30481
977;yo-kaup;2012;tyon_tulomuuttoja;28486
978;yo-kaup;2013;tyon_tulomuuttoja;28356
979;yo-kaup;2014;tyon_tulomuuttoja;26592
980;yo-kaup;2015;tyon_tulomuuttoja;28583
981;kaup;2006;tyota_siirtavia_lahtomuuttoja;3404
982;kaup;2007;tyota_siirtavia_lahtomuuttoja;3876
983;kaup;2008;tyota_siirtavia_lahtomuuttoja;3834
984;kaup;2009;tyota_siirtavia_lahtomuuttoja;3303
985;kaup;2010;tyota_siirtavia_lahtomuuttoja;3541
986;kaup;2011;tyota_siirtavia_lahtomuuttoja;3949
987;kaup;2012;tyota_siirtavia_lahtomuuttoja;3822
988;kaup;2013;tyota_siirtavia_lahtomuuttoja;3647
989;kaup;2014;tyota_siirtavia_lahtomuuttoja;3329
990;kaup;2015;tyota_siirtavia_lahtomuuttoja;3599
991;kaupms;2006;tyota_siirtavia_lahtomuuttoja;2280
992;kaupms;2007;tyota_siirtavia_lahtomuuttoja;2591
993;kaupms;2008;tyota_siirtavia_lahtomuuttoja;2553
994;kaupms;2009;tyota_siirtavia_lahtomuuttoja;2024
995;kaupms;2010;tyota_siirtavia_lahtomuuttoja;2265
996;kaupms;2011;tyota_siirtavia_lahtomuuttoja;2567
997;kaupms;2012;tyota_siirtavia_lahtomuuttoja;2521
998;kaupms;2013;tyota_siirtavia_lahtomuuttoja;2369
999;kaupms;2014;tyota_siirtavia_lahtomuuttoja;2109
1000;kaupms;2015;tyota_siirtavia_lahtomuuttoja;2298
1001;ms;2006;tyota_siirtavia_lahtomuuttoja;1355
1002;ms;2007;tyota_siirtavia_lahtomuuttoja;1466
1003;ms;2008;tyota_siirtavia_lahtomuuttoja;1511
1004;ms;2009;tyota_siirtavia_lahtomuuttoja;1101
1005;ms;2010;tyota_siirtavia_lahtomuuttoja;1236
1006;ms;2011;tyota_siirtavia_lahtomuuttoja;1421
1007;ms;2012;tyota_siirtavia_lahtomuuttoja;1311
1008;ms;2013;tyota_siirtavia_lahtomuuttoja;1198
1009;ms;2014;tyota_siirtavia_lahtomuuttoja;1061
1010;ms;2015;tyota_siirtavia_lahtomuuttoja;1113
1011;pk;2006;tyota_siirtavia_lahtomuuttoja;3718
1012;pk;2007;tyota_siirtavia_lahtomuuttoja;4120
1013;pk;2008;tyota_siirtavia_lahtomuuttoja;4205
1014;pk;2009;tyota_siirtavia_lahtomuuttoja;3427
1015;pk;2010;tyota_siirtavia_lahtomuuttoja;3676
1016;pk;2011;tyota_siirtavia_lahtomuuttoja;4055
1017;pk;2012;tyota_siirtavia_lahtomuuttoja;3916
1018;pk;2013;tyota_siirtavia_lahtomuuttoja;3880
1019;pk;2014;tyota_siirtavia_lahtomuuttoja;3398
1020;pk;2015;tyota_siirtavia_lahtomuuttoja;3613
1021;tk_keskus;2006;tyota_siirtavia_lahtomuuttoja;3982
1022;tk_keskus;2007;tyota_siirtavia_lahtomuuttoja;4569
1023;tk_keskus;2008;tyota_siirtavia_lahtomuuttoja;4391
1024;tk_keskus;2009;tyota_siirtavia_lahtomuuttoja;3494
1025;tk_keskus;2010;tyota_siirtavia_lahtomuuttoja;3739
1026;tk_keskus;2011;tyota_siirtavia_lahtomuuttoja;4214
1027;tk_keskus;2012;tyota_siirtavia_lahtomuuttoja;4197
1028;tk_keskus;2013;tyota_siirtavia_lahtomuuttoja;3983
1029;tk_keskus;2014;tyota_siirtavia_lahtomuuttoja;3685
1030;tk_keskus;2015;tyota_siirtavia_lahtomuuttoja;4092
1031;ydinms;2006;tyota_siirtavia_lahtomuuttoja;2441
1032;ydinms;2007;tyota_siirtavia_lahtomuuttoja;2743
1033;ydinms;2008;tyota_siirtavia_lahtomuuttoja;2815
1034;ydinms;2009;tyota_siirtavia_lahtomuuttoja;2110
1035;ydinms;2010;tyota_siirtavia_lahtomuuttoja;2135
1036;ydinms;2011;tyota_siirtavia_lahtomuuttoja;2623
1037;ydinms;2012;tyota_siirtavia_lahtomuuttoja;2468
1038;ydinms;2013;tyota_siirtavia_lahtomuuttoja;2329
1039;ydinms;2014;tyota_siirtavia_lahtomuuttoja;1977
1040;ydinms;2015;tyota_siirtavia_lahtomuuttoja;2200
1041;yo-kaup;2006;tyota_siirtavia_lahtomuuttoja;6041
1042;yo-kaup;2007;tyota_siirtavia_lahtomuuttoja;6933
1043;yo-kaup;2008;tyota_siirtavia_lahtomuuttoja;6996
1044;yo-kaup;2009;tyota_siirtavia_lahtomuuttoja;5779
1045;yo-kaup;2010;tyota_siirtavia_lahtomuuttoja;6272
1046;yo-kaup;2011;tyota_siirtavia_lahtomuuttoja;7040
1047;yo-kaup;2012;tyota_siirtavia_lahtomuuttoja;6650
1048;yo-kaup;2013;tyota_siirtavia_lahtomuuttoja;6485
1049;yo-kaup;2014;tyota_siirtavia_lahtomuuttoja;6075
1050;yo-kaup;2015;tyota_siirtavia_lahtomuuttoja;6535
1051;kaup;2006;tyota_siirtavia_tulomuuttoja;3771
1052;kaup;2007;tyota_siirtavia_tulomuuttoja;4294
1053;kaup;2008;tyota_siirtavia_tulomuuttoja;4177
1054;kaup;2009;tyota_siirtavia_tulomuuttoja;3250
1055;kaup;2010;tyota_siirtavia_tulomuuttoja;3578
1056;kaup;2011;tyota_siirtavia_tulomuuttoja;3887
1057;kaup;2012;tyota_siirtavia_tulomuuttoja;3831
1058;kaup;2013;tyota_siirtavia_tulomuuttoja;3588
1059;kaup;2014;tyota_siirtavia_tulomuuttoja;3136
1060;kaup;2015;tyota_siirtavia_tulomuuttoja;3422
1061;kaupms;2006;tyota_siirtavia_tulomuuttoja;2482
1062;kaupms;2007;tyota_siirtavia_tulomuuttoja;2903
1063;kaupms;2008;tyota_siirtavia_tulomuuttoja;2723
1064;kaupms;2009;tyota_siirtavia_tulomuuttoja;2274
1065;kaupms;2010;tyota_siirtavia_tulomuuttoja;2302
1066;kaupms;2011;tyota_siirtavia_tulomuuttoja;2617
1067;kaupms;2012;tyota_siirtavia_tulomuuttoja;2528
1068;kaupms;2013;tyota_siirtavia_tulomuuttoja;2313
1069;kaupms;2014;tyota_siirtavia_tulomuuttoja;1977
1070;kaupms;2015;tyota_siirtavia_tulomuuttoja;2099
1071;ms;2006;tyota_siirtavia_tulomuuttoja;1074
1072;ms;2007;tyota_siirtavia_tulomuuttoja;1175
1073;ms;2008;tyota_siirtavia_tulomuuttoja;1205
1074;ms;2009;tyota_siirtavia_tulomuuttoja;1077
1075;ms;2010;tyota_siirtavia_tulomuuttoja;1111
1076;ms;2011;tyota_siirtavia_tulomuuttoja;1182
1077;ms;2012;tyota_siirtavia_tulomuuttoja;1152
1078;ms;2013;tyota_siirtavia_tulomuuttoja;1095
1079;ms;2014;tyota_siirtavia_tulomuuttoja;967
1080;ms;2015;tyota_siirtavia_tulomuuttoja;1037
1081;pk;2006;tyota_siirtavia_tulomuuttoja;4958
1082;pk;2007;tyota_siirtavia_tulomuuttoja;5659
1083;pk;2008;tyota_siirtavia_tulomuuttoja;5702
1084;pk;2009;tyota_siirtavia_tulomuuttoja;4842
1085;pk;2010;tyota_siirtavia_tulomuuttoja;5074
1086;pk;2011;tyota_siirtavia_tulomuuttoja;5856
1087;pk;2012;tyota_siirtavia_tulomuuttoja;5738
1088;pk;2013;tyota_siirtavia_tulomuuttoja;5544
1089;pk;2014;tyota_siirtavia_tulomuuttoja;5413
1090;pk;2015;tyota_siirtavia_tulomuuttoja;5882
1091;tk_keskus;2006;tyota_siirtavia_tulomuuttoja;3318
1092;tk_keskus;2007;tyota_siirtavia_tulomuuttoja;3804
1093;tk_keskus;2008;tyota_siirtavia_tulomuuttoja;3872
1094;tk_keskus;2009;tyota_siirtavia_tulomuuttoja;3105
1095;tk_keskus;2010;tyota_siirtavia_tulomuuttoja;3319
1096;tk_keskus;2011;tyota_siirtavia_tulomuuttoja;3860
1097;tk_keskus;2012;tyota_siirtavia_tulomuuttoja;3486
1098;tk_keskus;2013;tyota_siirtavia_tulomuuttoja;3330
1099;tk_keskus;2014;tyota_siirtavia_tulomuuttoja;3004
1100;tk_keskus;2015;tyota_siirtavia_tulomuuttoja;3226
1101;ydinms;2006;tyota_siirtavia_tulomuuttoja;2068
1102;ydinms;2007;tyota_siirtavia_tulomuuttoja;2318
1103;ydinms;2008;tyota_siirtavia_tulomuuttoja;2291
1104;ydinms;2009;tyota_siirtavia_tulomuuttoja;1768
1105;ydinms;2010;tyota_siirtavia_tulomuuttoja;2009
1106;ydinms;2011;tyota_siirtavia_tulomuuttoja;2160
1107;ydinms;2012;tyota_siirtavia_tulomuuttoja;2042
1108;ydinms;2013;tyota_siirtavia_tulomuuttoja;1955
1109;ydinms;2014;tyota_siirtavia_tulomuuttoja;1723
1110;ydinms;2015;tyota_siirtavia_tulomuuttoja;1730
1111;yo-kaup;2006;tyota_siirtavia_tulomuuttoja;5550
1112;yo-kaup;2007;tyota_siirtavia_tulomuuttoja;6145
1113;yo-kaup;2008;tyota_siirtavia_tulomuuttoja;6335
1114;yo-kaup;2009;tyota_siirtavia_tulomuuttoja;4922
1115;yo-kaup;2010;tyota_siirtavia_tulomuuttoja;5471
1116;yo-kaup;2011;tyota_siirtavia_tulomuuttoja;6307
1117;yo-kaup;2012;tyota_siirtavia_tulomuuttoja;6108
1118;yo-kaup;2013;tyota_siirtavia_tulomuuttoja;6066
1119;yo-kaup;2014;tyota_siirtavia_tulomuuttoja;5414
1120;yo-kaup;2015;tyota_siirtavia_tulomuuttoja;6054
1121;kaup;2006;tyollisten_tulomuuttoja_osuus_tulomuutoista;0,480294458
1122;kaup;2007;tyollisten_tulomuuttoja_osuus_tulomuutoista;0,49537819
1123;kaup;2008;tyollisten_tulomuuttoja_osuus_tulomuutoista;0,494308188
1124;kaup;2009;tyollisten_tulomuuttoja_osuus_tulomuutoista;0,47482913
1125;kaup;2010;tyollisten_tulomuuttoja_osuus_tulomuutoista;0,465477294
1126;kaup;2011;tyollisten_tulomuuttoja_osuus_tulomuutoista;0,473967564
1127;kaup;2012;tyollisten_tulomuuttoja_osuus_tulomuutoista;0,476351128
1128;kaup;2013;tyollisten_tulomuuttoja_osuus_tulomuutoista;0,449506113
1129;kaup;2014;tyollisten_tulomuuttoja_osuus_tulomuutoista;0,439988851
1130;kaup;2015;tyollisten_tulomuuttoja_osuus_tulomuutoista;0,429412755
1131;kaupms;2006;tyollisten_tulomuuttoja_osuus_tulomuutoista;0,477222899
1132;kaupms;2007;tyollisten_tulomuuttoja_osuus_tulomuutoista;0,485111613
1133;kaupms;2008;tyollisten_tulomuuttoja_osuus_tulomuutoista;0,492602378
1134;kaupms;2009;tyollisten_tulomuuttoja_osuus_tulomuutoista;0,480396147
1135;kaupms;2010;tyollisten_tulomuuttoja_osuus_tulomuutoista;0,478657851
1136;kaupms;2011;tyollisten_tulomuuttoja_osuus_tulomuutoista;0,486960665
1137;kaupms;2012;tyollisten_tulomuuttoja_osuus_tulomuutoista;0,479700434
1138;kaupms;2013;tyollisten_tulomuuttoja_osuus_tulomuutoista;0,467631821
1139;kaupms;2014;tyollisten_tulomuuttoja_osuus_tulomuutoista;0,446272091
1140;kaupms;2015;tyollisten_tulomuuttoja_osuus_tulomuutoista;0,443310876
1141;ms;2006;tyollisten_tulomuuttoja_osuus_tulomuutoista;0,318176336
1142;ms;2007;tyollisten_tulomuuttoja_osuus_tulomuutoista;0,334814993
1143;ms;2008;tyollisten_tulomuuttoja_osuus_tulomuutoista;0,345657568
1144;ms;2009;tyollisten_tulomuuttoja_osuus_tulomuutoista;0,326762015
1145;ms;2010;tyollisten_tulomuuttoja_osuus_tulomuutoista;0,321090047
1146;ms;2011;tyollisten_tulomuuttoja_osuus_tulomuutoista;0,336919258
1147;ms;2012;tyollisten_tulomuuttoja_osuus_tulomuutoista;0,331617647
1148;ms;2013;tyollisten_tulomuuttoja_osuus_tulomuutoista;0,319316023
1149;ms;2014;tyollisten_tulomuuttoja_osuus_tulomuutoista;0,305774448
1150;ms;2015;tyollisten_tulomuuttoja_osuus_tulomuutoista;0,305178871
1151;pk;2006;tyollisten_tulomuuttoja_osuus_tulomuutoista;0,399874327
1152;pk;2007;tyollisten_tulomuuttoja_osuus_tulomuutoista;0,424877518
1153;pk;2008;tyollisten_tulomuuttoja_osuus_tulomuutoista;0,432686698
1154;pk;2009;tyollisten_tulomuuttoja_osuus_tulomuutoista;0,424243647
1155;pk;2010;tyollisten_tulomuuttoja_osuus_tulomuutoista;0,410905398
1156;pk;2011;tyollisten_tulomuuttoja_osuus_tulomuutoista;0,433219305
1157;pk;2012;tyollisten_tulomuuttoja_osuus_tulomuutoista;0,430970619
1158;pk;2013;tyollisten_tulomuuttoja_osuus_tulomuutoista;0,416772081
1159;pk;2014;tyollisten_tulomuuttoja_osuus_tulomuutoista;0,404122895
1160;pk;2015;tyollisten_tulomuuttoja_osuus_tulomuutoista;0,400475919
1161;tk_keskus;2006;tyollisten_tulomuuttoja_osuus_tulomuutoista;0,336799443
1162;tk_keskus;2007;tyollisten_tulomuuttoja_osuus_tulomuutoista;0,363525381
1163;tk_keskus;2008;tyollisten_tulomuuttoja_osuus_tulomuutoista;0,372604857
1164;tk_keskus;2009;tyollisten_tulomuuttoja_osuus_tulomuutoista;0,340524732
1165;tk_keskus;2010;tyollisten_tulomuuttoja_osuus_tulomuutoista;0,333279378
1166;tk_keskus;2011;tyollisten_tulomuuttoja_osuus_tulomuutoista;0,358642095
1167;tk_keskus;2012;tyollisten_tulomuuttoja_osuus_tulomuutoista;0,346770335
1168;tk_keskus;2013;tyollisten_tulomuuttoja_osuus_tulomuutoista;0,33442041
1169;tk_keskus;2014;tyollisten_tulomuuttoja_osuus_tulomuutoista;0,322232335
1170;tk_keskus;2015;tyollisten_tulomuuttoja_osuus_tulomuutoista;0,316155253
1171;ydinms;2006;tyollisten_tulomuuttoja_osuus_tulomuutoista;0,354759773
1172;ydinms;2007;tyollisten_tulomuuttoja_osuus_tulomuutoista;0,381302886
1173;ydinms;2008;tyollisten_tulomuuttoja_osuus_tulomuutoista;0,384446344
1174;ydinms;2009;tyollisten_tulomuuttoja_osuus_tulomuutoista;0,358730361
1175;ydinms;2010;tyollisten_tulomuuttoja_osuus_tulomuutoista;0,360184399
1176;ydinms;2011;tyollisten_tulomuuttoja_osuus_tulomuutoista;0,372991674
1177;ydinms;2012;tyollisten_tulomuuttoja_osuus_tulomuutoista;0,36764438
1178;ydinms;2013;tyollisten_tulomuuttoja_osuus_tulomuutoista;0,356804506
1179;ydinms;2014;tyollisten_tulomuuttoja_osuus_tulomuutoista;0,342660048
1180;ydinms;2015;tyollisten_tulomuuttoja_osuus_tulomuutoista;0,342291557
1181;yo-kaup;2006;tyollisten_tulomuuttoja_osuus_tulomuutoista;0,335886786
1182;yo-kaup;2007;tyollisten_tulomuuttoja_osuus_tulomuutoista;0,357060157
1183;yo-kaup;2008;tyollisten_tulomuuttoja_osuus_tulomuutoista;0,365500073
1184;yo-kaup;2009;tyollisten_tulomuuttoja_osuus_tulomuutoista;0,332983758
1185;yo-kaup;2010;tyollisten_tulomuuttoja_osuus_tulomuutoista;0,334483999
1186;yo-kaup;2011;tyollisten_tulomuuttoja_osuus_tulomuutoista;0,34850799
1187;yo-kaup;2012;tyollisten_tulomuuttoja_osuus_tulomuutoista;0,350246059
1188;yo-kaup;2013;tyollisten_tulomuuttoja_osuus_tulomuutoista;0,332012605
1189;yo-kaup;2014;tyollisten_tulomuuttoja_osuus_tulomuutoista;0,323869005
1190;yo-kaup;2015;tyollisten_tulomuuttoja_osuus_tulomuutoista;0,321405035
1191;kaup;2006;tyollisten_lahtomuuttoja_osuus_lahtomuutoista;0,423961289
1192;kaup;2007;tyollisten_lahtomuuttoja_osuus_lahtomuutoista;0,448471041
1193;kaup;2008;tyollisten_lahtomuuttoja_osuus_lahtomuutoista;0,452456448
1194;kaup;2009;tyollisten_lahtomuuttoja_osuus_lahtomuutoista;0,425770716
1195;kaup;2010;tyollisten_lahtomuuttoja_osuus_lahtomuutoista;0,416786908
1196;kaup;2011;tyollisten_lahtomuuttoja_osuus_lahtomuutoista;0,435273705
1197;kaup;2012;tyollisten_lahtomuuttoja_osuus_lahtomuutoista;0,432222
1198;kaup;2013;tyollisten_lahtomuuttoja_osuus_lahtomuutoista;0,421759308
1199;kaup;2014;tyollisten_lahtomuuttoja_osuus_lahtomuutoista;0,398347165
1200;kaup;2015;tyollisten_lahtomuuttoja_osuus_lahtomuutoista;0,399715167
1201;kaupms;2006;tyollisten_lahtomuuttoja_osuus_lahtomuutoista;0,39277674
1202;kaupms;2007;tyollisten_lahtomuuttoja_osuus_lahtomuutoista;0,410589044
1203;kaupms;2008;tyollisten_lahtomuuttoja_osuus_lahtomuutoista;0,412756662
1204;kaupms;2009;tyollisten_lahtomuuttoja_osuus_lahtomuutoista;0,393421119
1205;kaupms;2010;tyollisten_lahtomuuttoja_osuus_lahtomuutoista;0,386225492
1206;kaupms;2011;tyollisten_lahtomuuttoja_osuus_lahtomuutoista;0,398163754
1207;kaupms;2012;tyollisten_lahtomuuttoja_osuus_lahtomuutoista;0,403352705
1208;kaupms;2013;tyollisten_lahtomuuttoja_osuus_lahtomuutoista;0,381888102
1209;kaupms;2014;tyollisten_lahtomuuttoja_osuus_lahtomuutoista;0,379320087
1210;kaupms;2015;tyollisten_lahtomuuttoja_osuus_lahtomuutoista;0,36981167
1211;ms;2006;tyollisten_lahtomuuttoja_osuus_lahtomuutoista;0,277762595
1212;ms;2007;tyollisten_lahtomuuttoja_osuus_lahtomuutoista;0,295226131
1213;ms;2008;tyollisten_lahtomuuttoja_osuus_lahtomuutoista;0,310849893
1214;ms;2009;tyollisten_lahtomuuttoja_osuus_lahtomuutoista;0,277687627
1215;ms;2010;tyollisten_lahtomuuttoja_osuus_lahtomuutoista;0,276210276
1216;ms;2011;tyollisten_lahtomuuttoja_osuus_lahtomuutoista;0,301229896
1217;ms;2012;tyollisten_lahtomuuttoja_osuus_lahtomuutoista;0,291686689
1218;ms;2013;tyollisten_lahtomuuttoja_osuus_lahtomuutoista;0,280657009
1219;ms;2014;tyollisten_lahtomuuttoja_osuus_lahtomuutoista;0,265249252
1220;ms;2015;tyollisten_lahtomuuttoja_osuus_lahtomuutoista;0,255181347
1221;pk;2006;tyollisten_lahtomuuttoja_osuus_lahtomuutoista;0,477316294
1222;pk;2007;tyollisten_lahtomuuttoja_osuus_lahtomuutoista;0,49254188
1223;pk;2008;tyollisten_lahtomuuttoja_osuus_lahtomuutoista;0,496033888
1224;pk;2009;tyollisten_lahtomuuttoja_osuus_lahtomuutoista;0,4705412
1225;pk;2010;tyollisten_lahtomuuttoja_osuus_lahtomuutoista;0,472595192
1226;pk;2011;tyollisten_lahtomuuttoja_osuus_lahtomuutoista;0,478055977
1227;pk;2012;tyollisten_lahtomuuttoja_osuus_lahtomuutoista;0,472105456
1228;pk;2013;tyollisten_lahtomuuttoja_osuus_lahtomuutoista;0,449599254
1229;pk;2014;tyollisten_lahtomuuttoja_osuus_lahtomuutoista;0,439215183
1230;pk;2015;tyollisten_lahtomuuttoja_osuus_lahtomuutoista;0,427047888
1231;tk_keskus;2006;tyollisten_lahtomuuttoja_osuus_lahtomuutoista;0,342265893
1232;tk_keskus;2007;tyollisten_lahtomuuttoja_osuus_lahtomuutoista;0,367997963
1233;tk_keskus;2008;tyollisten_lahtomuuttoja_osuus_lahtomuutoista;0,372950356
1234;tk_keskus;2009;tyollisten_lahtomuuttoja_osuus_lahtomuutoista;0,347256932
1235;tk_keskus;2010;tyollisten_lahtomuuttoja_osuus_lahtomuutoista;0,344590417
1236;tk_keskus;2011;tyollisten_lahtomuuttoja_osuus_lahtomuutoista;0,355314997
1237;tk_keskus;2012;tyollisten_lahtomuuttoja_osuus_lahtomuutoista;0,358477304
1238;tk_keskus;2013;tyollisten_lahtomuuttoja_osuus_lahtomuutoista;0,339918564
1239;tk_keskus;2014;tyollisten_lahtomuuttoja_osuus_lahtomuutoista;0,331441586
1240;tk_keskus;2015;tyollisten_lahtomuuttoja_osuus_lahtomuutoista;0,336491855
1241;ydinms;2006;tyollisten_lahtomuuttoja_osuus_lahtomuutoista;0,317724557
1242;ydinms;2007;tyollisten_lahtomuuttoja_osuus_lahtomuutoista;0,346132415
1243;ydinms;2008;tyollisten_lahtomuuttoja_osuus_lahtomuutoista;0,349708952
1244;ydinms;2009;tyollisten_lahtomuuttoja_osuus_lahtomuutoista;0,323772722
1245;ydinms;2010;tyollisten_lahtomuuttoja_osuus_lahtomuutoista;0,307423488
1246;ydinms;2011;tyollisten_lahtomuuttoja_osuus_lahtomuutoista;0,330599306
1247;ydinms;2012;tyollisten_lahtomuuttoja_osuus_lahtomuutoista;0,334667815
1248;ydinms;2013;tyollisten_lahtomuuttoja_osuus_lahtomuutoista;0,313269994
1249;ydinms;2014;tyollisten_lahtomuuttoja_osuus_lahtomuutoista;0,306826029
1250;ydinms;2015;tyollisten_lahtomuuttoja_osuus_lahtomuutoista;0,302067984
1251;yo-kaup;2006;tyollisten_lahtomuuttoja_osuus_lahtomuutoista;0,422446941
1252;yo-kaup;2007;tyollisten_lahtomuuttoja_osuus_lahtomuutoista;0,434195942
1253;yo-kaup;2008;tyollisten_lahtomuuttoja_osuus_lahtomuutoista;0,443907403
1254;yo-kaup;2009;tyollisten_lahtomuuttoja_osuus_lahtomuutoista;0,426254516
1255;yo-kaup;2010;tyollisten_lahtomuuttoja_osuus_lahtomuutoista;0,41964061
1256;yo-kaup;2011;tyollisten_lahtomuuttoja_osuus_lahtomuutoista;0,437241446
1257;yo-kaup;2012;tyollisten_lahtomuuttoja_osuus_lahtomuutoista;0,427446318
1258;yo-kaup;2013;tyollisten_lahtomuuttoja_osuus_lahtomuutoista;0,412215316
1259;yo-kaup;2014;tyollisten_lahtomuuttoja_osuus_lahtomuutoista;0,396688283
1260;yo-kaup;2015;tyollisten_lahtomuuttoja_osuus_lahtomuutoista;0,391854411
1261;kaup;2006;tyollisten_tulomuuttoja_osuus_tyollisista;0,043579969
1262;kaup;2007;tyollisten_tulomuuttoja_osuus_tyollisista;0,045816292
1263;kaup;2008;tyollisten_tulomuuttoja_osuus_tyollisista;0,042087951
1264;kaup;2009;tyollisten_tulomuuttoja_osuus_tyollisista;0,040281731
1265;kaup;2010;tyollisten_tulomuuttoja_osuus_tyollisista;0,040795902
1266;kaup;2011;tyollisten_tulomuuttoja_osuus_tyollisista;0,040566105
1267;kaup;2012;tyollisten_tulomuuttoja_osuus_tyollisista;0,041434708
1268;kaup;2013;tyollisten_tulomuuttoja_osuus_tyollisista;0,038192692
1269;kaup;2014;tyollisten_tulomuuttoja_osuus_tyollisista;0,03754597
1270;kaup;2015;tyollisten_tulomuuttoja_osuus_tyollisista;0,038234272
1271;kaupms;2006;tyollisten_tulomuuttoja_osuus_tyollisista;0,050947297
1272;kaupms;2007;tyollisten_tulomuuttoja_osuus_tyollisista;0,051619899
1273;kaupms;2008;tyollisten_tulomuuttoja_osuus_tyollisista;0,047038591
1274;kaupms;2009;tyollisten_tulomuuttoja_osuus_tyollisista;0,045962738
1275;kaupms;2010;tyollisten_tulomuuttoja_osuus_tyollisista;0,045193182
1276;kaupms;2011;tyollisten_tulomuuttoja_osuus_tyollisista;0,047078384
1277;kaupms;2012;tyollisten_tulomuuttoja_osuus_tyollisista;0,045985457
1278;kaupms;2013;tyollisten_tulomuuttoja_osuus_tyollisista;0,041231392
1279;kaupms;2014;tyollisten_tulomuuttoja_osuus_tyollisista;0,039423098
1280;kaupms;2015;tyollisten_tulomuuttoja_osuus_tyollisista;0,040191621
1281;ms;2006;tyollisten_tulomuuttoja_osuus_tyollisista;0,022170303
1282;ms;2007;tyollisten_tulomuuttoja_osuus_tyollisista;0,023118654
1283;ms;2008;tyollisten_tulomuuttoja_osuus_tyollisista;0,02357381
1284;ms;2009;tyollisten_tulomuuttoja_osuus_tyollisista;0,022350505
1285;ms;2010;tyollisten_tulomuuttoja_osuus_tyollisista;0,023523489
1286;ms;2011;tyollisten_tulomuuttoja_osuus_tyollisista;0,024949008
1287;ms;2012;tyollisten_tulomuuttoja_osuus_tyollisista;0,024188791
1288;ms;2013;tyollisten_tulomuuttoja_osuus_tyollisista;0,023298584
1289;ms;2014;tyollisten_tulomuuttoja_osuus_tyollisista;0,022382555
1290;ms;2015;tyollisten_tulomuuttoja_osuus_tyollisista;0,022883982
1291;pk;2006;tyollisten_tulomuuttoja_osuus_tyollisista;0,020667859
1292;pk;2007;tyollisten_tulomuuttoja_osuus_tyollisista;0,021542665
1293;pk;2008;tyollisten_tulomuuttoja_osuus_tyollisista;0,02297453
1294;pk;2009;tyollisten_tulomuuttoja_osuus_tyollisista;0,020844317
1295;pk;2010;tyollisten_tulomuuttoja_osuus_tyollisista;0,020632791
1296;pk;2011;tyollisten_tulomuuttoja_osuus_tyollisista;0,022517186
1297;pk;2012;tyollisten_tulomuuttoja_osuus_tyollisista;0,023048281
1298;pk;2013;tyollisten_tulomuuttoja_osuus_tyollisista;0,021670874
1299;pk;2014;tyollisten_tulomuuttoja_osuus_tyollisista;0,021825085
1300;pk;2015;tyollisten_tulomuuttoja_osuus_tyollisista;0,023086242
1301;tk_keskus;2006;tyollisten_tulomuuttoja_osuus_tyollisista;0,021556908
1302;tk_keskus;2007;tyollisten_tulomuuttoja_osuus_tyollisista;0,023744788
1303;tk_keskus;2008;tyollisten_tulomuuttoja_osuus_tyollisista;0,023690663
1304;tk_keskus;2009;tyollisten_tulomuuttoja_osuus_tyollisista;0,021769998
1305;tk_keskus;2010;tyollisten_tulomuuttoja_osuus_tyollisista;0,022002388
1306;tk_keskus;2011;tyollisten_tulomuuttoja_osuus_tyollisista;0,024520154
1307;tk_keskus;2012;tyollisten_tulomuuttoja_osuus_tyollisista;0,023463552
1308;tk_keskus;2013;tyollisten_tulomuuttoja_osuus_tyollisista;0,022364244
1309;tk_keskus;2014;tyollisten_tulomuuttoja_osuus_tyollisista;0,021890589
1310;tk_keskus;2015;tyollisten_tulomuuttoja_osuus_tyollisista;0,022248599
1311;ydinms;2006;tyollisten_tulomuuttoja_osuus_tyollisista;0,021131217
1312;ydinms;2007;tyollisten_tulomuuttoja_osuus_tyollisista;0,023093367
1313;ydinms;2008;tyollisten_tulomuuttoja_osuus_tyollisista;0,022411775
1314;ydinms;2009;tyollisten_tulomuuttoja_osuus_tyollisista;0,020923978
1315;ydinms;2010;tyollisten_tulomuuttoja_osuus_tyollisista;0,021790506
1316;ydinms;2011;tyollisten_tulomuuttoja_osuus_tyollisista;0,023270022
1317;ydinms;2012;tyollisten_tulomuuttoja_osuus_tyollisista;0,022615797
1318;ydinms;2013;tyollisten_tulomuuttoja_osuus_tyollisista;0,021340868
1319;ydinms;2014;tyollisten_tulomuuttoja_osuus_tyollisista;0,020817259
1320;ydinms;2015;tyollisten_tulomuuttoja_osuus_tyollisista;0,020928601
1321;yo-kaup;2006;tyollisten_tulomuuttoja_osuus_tyollisista;0,029462969
1322;yo-kaup;2007;tyollisten_tulomuuttoja_osuus_tyollisista;0,031532846
1323;yo-kaup;2008;tyollisten_tulomuuttoja_osuus_tyollisista;0,031664144
1324;yo-kaup;2009;tyollisten_tulomuuttoja_osuus_tyollisista;0,028572056
1325;yo-kaup;2010;tyollisten_tulomuuttoja_osuus_tyollisista;0,02995646
1326;yo-kaup;2011;tyollisten_tulomuuttoja_osuus_tyollisista;0,032224136
1327;yo-kaup;2012;tyollisten_tulomuuttoja_osuus_tyollisista;0,032471195
1328;yo-kaup;2013;tyollisten_tulomuuttoja_osuus_tyollisista;0,030604181
1329;yo-kaup;2014;tyollisten_tulomuuttoja_osuus_tyollisista;0,030199424
1330;yo-kaup;2015;tyollisten_tulomuuttoja_osuus_tyollisista;0,031456263
1331;kaup;2006;tyollisten_lahtomuuttoja_osuus_tyollisista;0,033989517
1332;kaup;2007;tyollisten_lahtomuuttoja_osuus_tyollisista;0,035781641
1333;kaup;2008;tyollisten_lahtomuuttoja_osuus_tyollisista;0,034274524
1334;kaup;2009;tyollisten_lahtomuuttoja_osuus_tyollisista;0,034389284
1335;kaup;2010;tyollisten_lahtomuuttoja_osuus_tyollisista;0,034355818
1336;kaup;2011;tyollisten_lahtomuuttoja_osuus_tyollisista;0,036616534
1337;kaup;2012;tyollisten_lahtomuuttoja_osuus_tyollisista;0,037372369
1338;kaup;2013;tyollisten_lahtomuuttoja_osuus_tyollisista;0,034935382
1339;kaup;2014;tyollisten_lahtomuuttoja_osuus_tyollisista;0,034106213
1340;kaup;2015;tyollisten_lahtomuuttoja_osuus_tyollisista;0,035321755
1341;kaupms;2006;tyollisten_lahtomuuttoja_osuus_tyollisista;0,03554261
1342;kaupms;2007;tyollisten_lahtomuuttoja_osuus_tyollisista;0,0377899
1343;kaupms;2008;tyollisten_lahtomuuttoja_osuus_tyollisista;0,039726523
1344;kaupms;2009;tyollisten_lahtomuuttoja_osuus_tyollisista;0,033739756
1345;kaupms;2010;tyollisten_lahtomuuttoja_osuus_tyollisista;0,035888703
1346;kaupms;2011;tyollisten_lahtomuuttoja_osuus_tyollisista;0,037596536
1347;kaupms;2012;tyollisten_lahtomuuttoja_osuus_tyollisista;0,037882477
1348;kaupms;2013;tyollisten_lahtomuuttoja_osuus_tyollisista;0,034763639
1349;kaupms;2014;tyollisten_lahtomuuttoja_osuus_tyollisista;0,034839017
1350;kaupms;2015;tyollisten_lahtomuuttoja_osuus_tyollisista;0,034868806
1351;ms;2006;tyollisten_lahtomuuttoja_osuus_tyollisista;0,025624433
1352;ms;2007;tyollisten_lahtomuuttoja_osuus_tyollisista;0,027291127
1353;ms;2008;tyollisten_lahtomuuttoja_osuus_tyollisista;0,028193803
1354;ms;2009;tyollisten_lahtomuuttoja_osuus_tyollisista;0,024130789
1355;ms;2010;tyollisten_lahtomuuttoja_osuus_tyollisista;0,024217909
1356;ms;2011;tyollisten_lahtomuuttoja_osuus_tyollisista;0,027872856
1357;ms;2012;tyollisten_lahtomuuttoja_osuus_tyollisista;0,027129704
1358;ms;2013;tyollisten_lahtomuuttoja_osuus_tyollisista;0,025424199
1359;ms;2014;tyollisten_lahtomuuttoja_osuus_tyollisista;0,024302141
1360;ms;2015;tyollisten_lahtomuuttoja_osuus_tyollisista;0,024801472
1361;pk;2006;tyollisten_lahtomuuttoja_osuus_tyollisista;0,024260681
1362;pk;2007;tyollisten_lahtomuuttoja_osuus_tyollisista;0,025389077
1363;pk;2008;tyollisten_lahtomuuttoja_osuus_tyollisista;0,023125551
1364;pk;2009;tyollisten_lahtomuuttoja_osuus_tyollisista;0,022160341
1365;pk;2010;tyollisten_lahtomuuttoja_osuus_tyollisista;0,022711761
1366;pk;2011;tyollisten_lahtomuuttoja_osuus_tyollisista;0,022546176
1367;pk;2012;tyollisten_lahtomuuttoja_osuus_tyollisista;0,022248208
1368;pk;2013;tyollisten_lahtomuuttoja_osuus_tyollisista;0,020510142
1369;pk;2014;tyollisten_lahtomuuttoja_osuus_tyollisista;0,019963745
1370;pk;2015;tyollisten_lahtomuuttoja_osuus_tyollisista;0,019882878
1371;tk_keskus;2006;tyollisten_lahtomuuttoja_osuus_tyollisista;0,024095944
1372;tk_keskus;2007;tyollisten_lahtomuuttoja_osuus_tyollisista;0,026023835
1373;tk_keskus;2008;tyollisten_lahtomuuttoja_osuus_tyollisista;0,025591814
1374;tk_keskus;2009;tyollisten_lahtomuuttoja_osuus_tyollisista;0,023721006
1375;tk_keskus;2010;tyollisten_lahtomuuttoja_osuus_tyollisista;0,023824344
1376;tk_keskus;2011;tyollisten_lahtomuuttoja_osuus_tyollisista;0,025597089
1377;tk_keskus;2012;tyollisten_lahtomuuttoja_osuus_tyollisista;0,026142557
1378;tk_keskus;2013;tyollisten_lahtomuuttoja_osuus_tyollisista;0,024890263
1379;tk_keskus;2014;tyollisten_lahtomuuttoja_osuus_tyollisista;0,024948358
1380;tk_keskus;2015;tyollisten_lahtomuuttoja_osuus_tyollisista;0,026407162
1381;ydinms;2006;tyollisten_lahtomuuttoja_osuus_tyollisista;0,022119521
1382;ydinms;2007;tyollisten_lahtomuuttoja_osuus_tyollisista;0,023984948
1383;ydinms;2008;tyollisten_lahtomuuttoja_osuus_tyollisista;0,024799564
1384;ydinms;2009;tyollisten_lahtomuuttoja_osuus_tyollisista;0,022160716
1385;ydinms;2010;tyollisten_lahtomuuttoja_osuus_tyollisista;0,021306109
1386;ydinms;2011;tyollisten_lahtomuuttoja_osuus_tyollisista;0,024034592
1387;ydinms;2012;tyollisten_lahtomuuttoja_osuus_tyollisista;0,02467042
1388;ydinms;2013;tyollisten_lahtomuuttoja_osuus_tyollisista;0,0229757
1389;ydinms;2014;tyollisten_lahtomuuttoja_osuus_tyollisista;0,022622857
1390;ydinms;2015;tyollisten_lahtomuuttoja_osuus_tyollisista;0,023826223
1391;yo-kaup;2006;tyollisten_lahtomuuttoja_osuus_tyollisista;0,036911068
1392;yo-kaup;2007;tyollisten_lahtomuuttoja_osuus_tyollisista;0,03838559
1393;yo-kaup;2008;tyollisten_lahtomuuttoja_osuus_tyollisista;0,036894986
1394;yo-kaup;2009;tyollisten_lahtomuuttoja_osuus_tyollisista;0,034956762
1395;yo-kaup;2010;tyollisten_lahtomuuttoja_osuus_tyollisista;0,035798324
1396;yo-kaup;2011;tyollisten_lahtomuuttoja_osuus_tyollisista;0,037873055
1397;yo-kaup;2012;tyollisten_lahtomuuttoja_osuus_tyollisista;0,036454846
1398;yo-kaup;2013;tyollisten_lahtomuuttoja_osuus_tyollisista;0,034134693
1399;yo-kaup;2014;tyollisten_lahtomuuttoja_osuus_tyollisista;0,033257403
1400;yo-kaup;2015;tyollisten_lahtomuuttoja_osuus_tyollisista;0,034627474
1401;kaup;2006;nettomuuttoja;3622
1402;kaup;2007;nettomuuttoja;4472
1403;kaup;2008;nettomuuttoja;3324
1404;kaup;2009;nettomuuttoja;1381
1405;kaup;2010;nettomuuttoja;1797
1406;kaup;2011;nettomuuttoja;512
1407;kaup;2012;nettomuuttoja;180
1408;kaup;2013;nettomuuttoja;727
1409;kaup;2014;nettomuuttoja;-96
1410;kaup;2015;nettomuuttoja;224
1411;kaupms;2006;nettomuuttoja;3753
1412;kaupms;2007;nettomuuttoja;3406
1413;kaupms;2008;nettomuuttoja;-180
1414;kaupms;2009;nettomuuttoja;2292
1415;kaupms;2010;nettomuuttoja;352
1416;kaupms;2011;nettomuuttoja;538
1417;kaupms;2012;nettomuuttoja;463
1418;kaupms;2013;nettomuuttoja;-670
1419;kaupms;2014;nettomuuttoja;-811
1420;kaupms;2015;nettomuuttoja;-831
1421;ms;2006;nettomuuttoja;-2686
1422;ms;2007;nettomuuttoja;-2820
1423;ms;2008;nettomuuttoja;-2659
1424;ms;2009;nettomuuttoja;-2099
1425;ms;2010;nettomuuttoja;-1661
1426;ms;2011;nettomuuttoja;-2111
1427;ms;2012;nettomuuttoja;-2245
1428;ms;2013;nettomuuttoja;-1907
1429;ms;2014;nettomuuttoja;-1948
1430;ms;2015;nettomuuttoja;-2293
1431;pk;2006;nettomuuttoja;423
1432;pk;2007;nettomuuttoja;-428
1433;pk;2008;nettomuuttoja;3345
1434;pk;2009;nettomuuttoja;1028
1435;pk;2010;nettomuuttoja;1099
1436;pk;2011;nettomuuttoja;2491
1437;pk;2012;nettomuuttoja;3304
1438;pk;2013;nettomuuttoja;3297
1439;pk;2014;nettomuuttoja;4402
1440;pk;2015;nettomuuttoja;5739
1441;tk_keskus;2006;nettomuuttoja;-2441
1442;tk_keskus;2007;nettomuuttoja;-2099
1443;tk_keskus;2008;nettomuuttoja;-1948
1444;tk_keskus;2009;nettomuuttoja;-1616
1445;tk_keskus;2010;nettomuuttoja;-1168
1446;tk_keskus;2011;nettomuuttoja;-1384
1447;tk_keskus;2012;nettomuuttoja;-1951
1448;tk_keskus;2013;nettomuuttoja;-2300
1449;tk_keskus;2014;nettomuuttoja;-2611
1450;tk_keskus;2015;nettomuuttoja;-2834
1451;ydinms;2006;nettomuuttoja;-2828
1452;ydinms;2007;nettomuuttoja;-2487
1453;ydinms;2008;nettomuuttoja;-3546
1454;ydinms;2009;nettomuuttoja;-2716
1455;ydinms;2010;nettomuuttoja;-2400
1456;ydinms;2011;nettomuuttoja;-2819
1457;ydinms;2012;nettomuuttoja;-3266
1458;ydinms;2013;nettomuuttoja;-3534
1459;ydinms;2014;nettomuuttoja;-3314
1460;ydinms;2015;nettomuuttoja;-4425
1461;yo-kaup;2006;nettomuuttoja;157
1462;yo-kaup;2007;nettomuuttoja;-44
1463;yo-kaup;2008;nettomuuttoja;1664
1464;yo-kaup;2009;nettomuuttoja;1730
1465;yo-kaup;2010;nettomuuttoja;1981
1466;yo-kaup;2011;nettomuuttoja;2773
1467;yo-kaup;2012;nettomuuttoja;3515
1468;yo-kaup;2013;nettomuuttoja;4387
1469;yo-kaup;2014;nettomuuttoja;4378
1470;yo-kaup;2015;nettomuuttoja;4420
1471;kaup;2006;tyollisten_nettomuuttoja;3288
1472;kaup;2007;tyollisten_nettomuuttoja;3533
1473;kaup;2008;tyollisten_nettomuuttoja;2765
1474;kaup;2009;tyollisten_nettomuuttoja;2002
1475;kaup;2010;tyollisten_nettomuuttoja;2220
1476;kaup;2011;tyollisten_nettomuuttoja;1380
1477;kaup;2012;tyollisten_nettomuuttoja;1412
1478;kaup;2013;tyollisten_nettomuuttoja;1110
1479;kaup;2014;tyollisten_nettomuuttoja;1157
1480;kaup;2015;tyollisten_nettomuuttoja;972
1481;kaupms;2006;tyollisten_nettomuuttoja;3554
1482;kaupms;2007;tyollisten_nettomuuttoja;3278
1483;kaupms;2008;tyollisten_nettomuuttoja;1739
1484;kaupms;2009;tyollisten_nettomuuttoja;2825
1485;kaupms;2010;tyollisten_nettomuuttoja;2191
1486;kaupms;2011;tyollisten_nettomuuttoja;2264
1487;kaupms;2012;tyollisten_nettomuuttoja;1930
1488;kaupms;2013;tyollisten_nettomuuttoja;1515
1489;kaupms;2014;tyollisten_nettomuuttoja;1060
1490;kaupms;2015;tyollisten_nettomuuttoja;1220
1491;ms;2006;tyollisten_nettomuuttoja;-411
1492;ms;2007;tyollisten_nettomuuttoja;-503
1493;ms;2008;tyollisten_nettomuuttoja;-546
1494;ms;2009;tyollisten_nettomuuttoja;-202
1495;ms;2010;tyollisten_nettomuuttoja;-80
1496;ms;2011;tyollisten_nettomuuttoja;-334
1497;ms;2012;tyollisten_nettomuuttoja;-329
1498;ms;2013;tyollisten_nettomuuttoja;-230
1499;ms;2014;tyollisten_nettomuuttoja;-203
1500;ms;2015;tyollisten_nettomuuttoja;-198
1501;pk;2006;tyollisten_nettomuuttoja;-1770
1502;pk;2007;tyollisten_nettomuuttoja;-1951
1503;pk;2008;tyollisten_nettomuuttoja;-78
1504;pk;2009;tyollisten_nettomuuttoja;-664
1505;pk;2010;tyollisten_nettomuuttoja;-1060
1506;pk;2011;tyollisten_nettomuuttoja;-15
1507;pk;2012;tyollisten_nettomuuttoja;416
1508;pk;2013;tyollisten_nettomuuttoja;600
1509;pk;2014;tyollisten_nettomuuttoja;958
1510;pk;2015;tyollisten_nettomuuttoja;1658
1511;tk_keskus;2006;tyollisten_nettomuuttoja;-969
1512;tk_keskus;2007;tyollisten_nettomuuttoja;-886
1513;tk_keskus;2008;tyollisten_nettomuuttoja;-735
1514;tk_keskus;2009;tyollisten_nettomuuttoja;-720
1515;tk_keskus;2010;tyollisten_nettomuuttoja;-682
1516;tk_keskus;2011;tyollisten_nettomuuttoja;-406
1517;tk_keskus;2012;tyollisten_nettomuuttoja;-993
1518;tk_keskus;2013;tyollisten_nettomuuttoja;-915
1519;tk_keskus;2014;tyollisten_nettomuuttoja;-1088
1520;tk_keskus;2015;tyollisten_nettomuuttoja;-1454
1521;ydinms;2006;tyollisten_nettomuuttoja;-278
1522;ydinms;2007;tyollisten_nettomuuttoja;-254
1523;ydinms;2008;tyollisten_nettomuuttoja;-671
1524;ydinms;2009;tyollisten_nettomuuttoja;-332
1525;ydinms;2010;tyollisten_nettomuuttoja;132
1526;ydinms;2011;tyollisten_nettomuuttoja;-209
1527;ydinms;2012;tyollisten_nettomuuttoja;-550
1528;ydinms;2013;tyollisten_nettomuuttoja;-427
1529;ydinms;2014;tyollisten_nettomuuttoja;-461
1530;ydinms;2015;tyollisten_nettomuuttoja;-723
1531;yo-kaup;2006;tyollisten_nettomuuttoja;-3414
1532;yo-kaup;2007;tyollisten_nettomuuttoja;-3217
1533;yo-kaup;2008;tyollisten_nettomuuttoja;-2474
1534;yo-kaup;2009;tyollisten_nettomuuttoja;-2909
1535;yo-kaup;2010;tyollisten_nettomuuttoja;-2721
1536;yo-kaup;2011;tyollisten_nettomuuttoja;-2680
1537;yo-kaup;2012;tyollisten_nettomuuttoja;-1886
1538;yo-kaup;2013;tyollisten_nettomuuttoja;-1653
1539;yo-kaup;2014;tyollisten_nettomuuttoja;-1423
1540;yo-kaup;2015;tyollisten_nettomuuttoja;-1475
1541;kaup;2006;tyon_nettomuuttoja;1344
1542;kaup;2007;tyon_nettomuuttoja;2097
1543;kaup;2008;tyon_nettomuuttoja;579
1544;kaup;2009;tyon_nettomuuttoja;70
1545;kaup;2010;tyon_nettomuuttoja;1254
1546;kaup;2011;tyon_nettomuuttoja;222
1547;kaup;2012;tyon_nettomuuttoja;-172
1548;kaup;2013;tyon_nettomuuttoja;-79
1549;kaup;2014;tyon_nettomuuttoja;-929
1550;kaup;2015;tyon_nettomuuttoja;672
1551;kaupms;2006;tyon_nettomuuttoja;-486
1552;kaupms;2007;tyon_nettomuuttoja;-71
1553;kaupms;2008;tyon_nettomuuttoja;1004
1554;kaupms;2009;tyon_nettomuuttoja;421
1555;kaupms;2010;tyon_nettomuuttoja;617
1556;kaupms;2011;tyon_nettomuuttoja;-36
1557;kaupms;2012;tyon_nettomuuttoja;1099
1558;kaupms;2013;tyon_nettomuuttoja;-117
1559;kaupms;2014;tyon_nettomuuttoja;726
1560;kaupms;2015;tyon_nettomuuttoja;-653
1561;ms;2006;tyon_nettomuuttoja;-544
1562;ms;2007;tyon_nettomuuttoja;-742
1563;ms;2008;tyon_nettomuuttoja;-297
1564;ms;2009;tyon_nettomuuttoja;-390
1565;ms;2010;tyon_nettomuuttoja;-146
1566;ms;2011;tyon_nettomuuttoja;-790
1567;ms;2012;tyon_nettomuuttoja;-194
1568;ms;2013;tyon_nettomuuttoja;-150
1569;ms;2014;tyon_nettomuuttoja;106
1570;ms;2015;tyon_nettomuuttoja;-693
1571;pk;2006;tyon_nettomuuttoja;-1577
1572;pk;2007;tyon_nettomuuttoja;292
1573;pk;2008;tyon_nettomuuttoja;-609
1574;pk;2009;tyon_nettomuuttoja;1040
1575;pk;2010;tyon_nettomuuttoja;1682
1576;pk;2011;tyon_nettomuuttoja;1677
1577;pk;2012;tyon_nettomuuttoja;1271
1578;pk;2013;tyon_nettomuuttoja;1074
1579;pk;2014;tyon_nettomuuttoja;1952
1580;pk;2015;tyon_nettomuuttoja;2271
1581;tk_keskus;2006;tyon_nettomuuttoja;473
1582;tk_keskus;2007;tyon_nettomuuttoja;-1541
1583;tk_keskus;2008;tyon_nettomuuttoja;187
1584;tk_keskus;2009;tyon_nettomuuttoja;21
1585;tk_keskus;2010;tyon_nettomuuttoja;-27
1586;tk_keskus;2011;tyon_nettomuuttoja;-733
1587;tk_keskus;2012;tyon_nettomuuttoja;-1936
1588;tk_keskus;2013;tyon_nettomuuttoja;688
1589;tk_keskus;2014;tyon_nettomuuttoja;-1267
1590;tk_keskus;2015;tyon_nettomuuttoja;-262
1591;ydinms;2006;tyon_nettomuuttoja;-567
1592;ydinms;2007;tyon_nettomuuttoja;-746
1593;ydinms;2008;tyon_nettomuuttoja;-964
1594;ydinms;2009;tyon_nettomuuttoja;-1319
1595;ydinms;2010;tyon_nettomuuttoja;-902
1596;ydinms;2011;tyon_nettomuuttoja;-1306
1597;ydinms;2012;tyon_nettomuuttoja;-1008
1598;ydinms;2013;tyon_nettomuuttoja;-1186
1599;ydinms;2014;tyon_nettomuuttoja;-1104
1600;ydinms;2015;tyon_nettomuuttoja;-1731
1601;yo-kaup;2006;tyon_nettomuuttoja;1357
1602;yo-kaup;2007;tyon_nettomuuttoja;711
1603;yo-kaup;2008;tyon_nettomuuttoja;100
1604;yo-kaup;2009;tyon_nettomuuttoja;157
1605;yo-kaup;2010;tyon_nettomuuttoja;-2478
1606;yo-kaup;2011;tyon_nettomuuttoja;966
1607;yo-kaup;2012;tyon_nettomuuttoja;940
1608;yo-kaup;2013;tyon_nettomuuttoja;-230
1609;yo-kaup;2014;tyon_nettomuuttoja;516
1610;yo-kaup;2015;tyon_nettomuuttoja;396
1611;kaup;2006;tyota_siirtavia_nettomuuttoja;-367
1612;kaup;2007;tyota_siirtavia_nettomuuttoja;-418
1613;kaup;2008;tyota_siirtavia_nettomuuttoja;-343
1614;kaup;2009;tyota_siirtavia_nettomuuttoja;53
1615;kaup;2010;tyota_siirtavia_nettomuuttoja;-37
1616;kaup;2011;tyota_siirtavia_nettomuuttoja;62
1617;kaup;2012;tyota_siirtavia_nettomuuttoja;-9
1618;kaup;2013;tyota_siirtavia_nettomuuttoja;59
1619;kaup;2014;tyota_siirtavia_nettomuuttoja;193
1620;kaup;2015;tyota_siirtavia_nettomuuttoja;177
1621;kaupms;2006;tyota_siirtavia_nettomuuttoja;-202
1622;kaupms;2007;tyota_siirtavia_nettomuuttoja;-312
1623;kaupms;2008;tyota_siirtavia_nettomuuttoja;-170
1624;kaupms;2009;tyota_siirtavia_nettomuuttoja;-250
1625;kaupms;2010;tyota_siirtavia_nettomuuttoja;-37
1626;kaupms;2011;tyota_siirtavia_nettomuuttoja;-50
1627;kaupms;2012;tyota_siirtavia_nettomuuttoja;-7
1628;kaupms;2013;tyota_siirtavia_nettomuuttoja;56
1629;kaupms;2014;tyota_siirtavia_nettomuuttoja;132
1630;kaupms;2015;tyota_siirtavia_nettomuuttoja;199
1631;ms;2006;tyota_siirtavia_nettomuuttoja;281
1632;ms;2007;tyota_siirtavia_nettomuuttoja;291
1633;ms;2008;tyota_siirtavia_nettomuuttoja;306
1634;ms;2009;tyota_siirtavia_nettomuuttoja;24
1635;ms;2010;tyota_siirtavia_nettomuuttoja;125
1636;ms;2011;tyota_siirtavia_nettomuuttoja;239
1637;ms;2012;tyota_siirtavia_nettomuuttoja;159
1638;ms;2013;tyota_siirtavia_nettomuuttoja;103
1639;ms;2014;tyota_siirtavia_nettomuuttoja;94
1640;ms;2015;tyota_siirtavia_nettomuuttoja;76
1641;pk;2006;tyota_siirtavia_nettomuuttoja;-1240
1642;pk;2007;tyota_siirtavia_nettomuuttoja;-1539
1643;pk;2008;tyota_siirtavia_nettomuuttoja;-1497
1644;pk;2009;tyota_siirtavia_nettomuuttoja;-1415
1645;pk;2010;tyota_siirtavia_nettomuuttoja;-1398
1646;pk;2011;tyota_siirtavia_nettomuuttoja;-1801
1647;pk;2012;tyota_siirtavia_nettomuuttoja;-1822
1648;pk;2013;tyota_siirtavia_nettomuuttoja;-1664
1649;pk;2014;tyota_siirtavia_nettomuuttoja;-2015
1650;pk;2015;tyota_siirtavia_nettomuuttoja;-2269
1651;tk_keskus;2006;tyota_siirtavia_nettomuuttoja;664
1652;tk_keskus;2007;tyota_siirtavia_nettomuuttoja;765
1653;tk_keskus;2008;tyota_siirtavia_nettomuuttoja;519
1654;tk_keskus;2009;tyota_siirtavia_nettomuuttoja;389
1655;tk_keskus;2010;tyota_siirtavia_nettomuuttoja;420
1656;tk_keskus;2011;tyota_siirtavia_nettomuuttoja;354
1657;tk_keskus;2012;tyota_siirtavia_nettomuuttoja;711
1658;tk_keskus;2013;tyota_siirtavia_nettomuuttoja;653
1659;tk_keskus;2014;tyota_siirtavia_nettomuuttoja;681
1660;tk_keskus;2015;tyota_siirtavia_nettomuuttoja;866
1661;ydinms;2006;tyota_siirtavia_nettomuuttoja;373
1662;ydinms;2007;tyota_siirtavia_nettomuuttoja;425
1663;ydinms;2008;tyota_siirtavia_nettomuuttoja;524
1664;ydinms;2009;tyota_siirtavia_nettomuuttoja;342
1665;ydinms;2010;tyota_siirtavia_nettomuuttoja;126
1666;ydinms;2011;tyota_siirtavia_nettomuuttoja;463
1667;ydinms;2012;tyota_siirtavia_nettomuuttoja;426
1668;ydinms;2013;tyota_siirtavia_nettomuuttoja;374
1669;ydinms;2014;tyota_siirtavia_nettomuuttoja;254
1670;ydinms;2015;tyota_siirtavia_nettomuuttoja;470
1671;yo-kaup;2006;tyota_siirtavia_nettomuuttoja;491
1672;yo-kaup;2007;tyota_siirtavia_nettomuuttoja;788
1673;yo-kaup;2008;tyota_siirtavia_nettomuuttoja;661
1674;yo-kaup;2009;tyota_siirtavia_nettomuuttoja;857
1675;yo-kaup;2010;tyota_siirtavia_nettomuuttoja;801
1676;yo-kaup;2011;tyota_siirtavia_nettomuuttoja;733
1677;yo-kaup;2012;tyota_siirtavia_nettomuuttoja;542
1678;yo-kaup;2013;tyota_siirtavia_nettomuuttoja;419
1679;yo-kaup;2014;tyota_siirtavia_nettomuuttoja;661
1680;yo-kaup;2015;tyota_siirtavia_nettomuuttoja;481
