;tiedot;value;vuosi
1;tyolliset;2306490;2006
2;tyottomat;246455;2006
3;tyollistymiset_tyovoiman_ulkopuolelta;148208;2006
4;tyollistymiset_tyottomyydesta;80854;2006
5;tyoikaiset;3954783;2006
6;ei_tyoikaiset;1242240;2006
7;asukkaat;5197023;2006
8;kuntien_valinen_muutto;219951;2006
9;seutukuntien_valinen_muutto;130748;2006
10;maakuntien_valinen_muutto;100671;2006
11;aluetyyppien_valinen_muutto;170881;2006
12;LMA_valinen_muutto;116726;2006
13;kuntien_valinen_tyoikaisten_muutto;188173;2006
14;seutukuntien_valinen_tyoikaisten_muutto;113154;2006
15;maakuntien_valinen_tyoikaisten_muutto;87598;2006
16;aluetyyppien_valinen_tyoikaisten_muutto;145693;2006
17;LMA_valinen_tyoikaisten_muutto;101456;2006
18;kuntien_valinen_ei_tyoikaisten_muutto;31778;2006
19;seutukuntien_valinen_ei_tyoikaisten_muutto;17594;2006
20;maakuntien_valinen_ei_tyoikaisten_muutto;13073;2006
21;aluetyyppien_valinen_ei_tyoikaisten_muutto;25188;2006
22;LMA_valinen_ei_tyoikaisten_muutto;15270;2006
23;kuntien_valinen_muutto_tyovoiman_ulkopuolella_tyoikaiset;56410;2006
24;seutukuntien_valinen_muutto_tyovoiman_ulkopuolella_tyoikaiset;39243;2006
25;maakuntien_valinen_muutto_tyovoiman_ulkopuolella_tyoikaiset;30673;2006
26;aluetyyppien_valinen_muutto_tyovoiman_ulkopuolella_tyoikaiset;45125;2006
27;LMA_valinen_muutto_tyovoiman_ulkopuolella_tyoikaiset;35809;2006
28;kuntien_valinen_tyollisten_muutto;90273;2006
29;seutukuntien_valinen_tyollisten_muutto;44793;2006
30;maakuntien_valinen_tyollisten_muutto;33686;2006
31;aluetyyppien_valinen_tyollisten_muutto;67191;2006
32;LMA_valinen_tyollisten_muutto;38974;2006
33;kuntien_valinen_tyollisten_muutto_ei_tyollisyyteen;16521;2006
34;seutukuntien_valinen_tyollisten_muutto_ei_tyollisyyteen;11933;2006
35;maakuntien_valinen_tyollisten_muutto_ei_tyollisyyteen;9765;2006
36;aluetyyppien_valinen_tyollisten_muutto_ei_tyollisyyteen;13187;2006
37;LMA_valinen_tyollisten_muutto_ei_tyollisyyteen;11011;2006
38;kuntien_valinen_tyottomien_muutto_ei_tyollisyyteen;10084;2006
39;seutukuntien_valinen_tyottomien_muutto_ei_tyollisyyteen;7024;2006
40;maakuntien_valinen_tyottomien_muutto_ei_tyollisyyteen;5385;2006
41;aluetyyppien_valinen_tyottomien_muutto_ei_tyollisyyteen;8166;2006
42;LMA_valinen_tyottomien_muutto_ei_tyollisyyteen;6409;2006
43;kuntien_valinen_tyottomien_tyollistava_muutto;6605;2006
44;seutukuntien_valinen_tyottomien_tyollistava_muutto;4693;2006
45;maakuntien_valinen_tyottomien_tyollistava_muutto;3758;2006
46;aluetyyppien_valinen_tyottomien_tyollistava_muutto;5299;2006
47;LMA_valinen_tyottomien_tyollistava_muutto;4266;2006
48;kuntien_valinen_tyota_siirtava_muutto;33031;2006
49;seutukuntien_valinen_tyota_siirtava_muutto;21839;2006
50;maakuntien_valinen_tyota_siirtava_muutto;18119;2006
51;aluetyyppien_valinen_tyota_siirtava_muutto;23221;2006
52;LMA_valinen_tyota_siirtava_muutto;20056;2006
53;kuntien_valinen_tyon_siirtyminen;177705;2006
54;seutukuntien_valinen_tyon_siirtyminen;93799;2006
55;maakuntien_valinen_tyon_siirtyminen;70027;2006
56;aluetyyppien_valinen_tyon_siirtyminen;124610;2006
57;LMA_valinen_tyon_siirtyminen;83382;2006
58;kuntien_valinen_tyovoiman_ulkopuolelta_tyollistava_muutto;19461;2006
59;seutukuntien_valinen_tyovoiman_ulkopuolelta_tyollistava_muutto;13503;2006
60;maakuntien_valinen_tyovoiman_ulkopuolelta_tyollistava_muutto;11015;2006
61;aluetyyppien_valinen_tyovoiman_ulkopuolelta_tyollistava_muutto;15512;2006
62;LMA_valinen_tyovoiman_ulkopuolelta_tyollistava_muutto;12439;2006
63;kuntien_valinen_yrittajien_muutto;5870;2006
64;seutukuntien_valinen_yrittajien_muutto;2955;2006
65;maakuntien_valinen_yrittajien_muutto;2069;2006
66;aluetyyppien_valinen_yrittajien_muutto;4484;2006
67;LMA_valinen_yrittajien_muutto;2460;2006
68;kuntien_valinen_yrittajasta_yrittajaksi_muutto;4365;2006
69;seutukuntien_valinen_yrittajasta_yrittajaksi_muutto;2002;2006
70;maakuntien_valinen_yyrittajasta_yrittajaksi_muutto;1358;2006
71;aluetyyppien_valinen_yrittajasta_yrittajaksi_muutto;3292;2006
72;LMA_valinen_yrittajasta_yrittajaksi_muutto;1627;2006
73;kuntien_valinen_yrittajasta_palkansaajaksi_muutto;854;2006
74;seutukuntien_valinen_yrittajasta_palkansaajaksi_muutto;531;2006
75;maakuntien_valinen_yrittajasta_palkansaajaksi_muutto;397;2006
76;aluetyyppien_valinen_yrittajasta_palkansaajaksi_muutto;667;2006
77;LMA_valinen_yrittajasta_palkansaajaksi_muutto;461;2006
78;maahanmuuttajia;21069;2006
79;maastamuuttajia;10448;2006
80;kuntien_valinen_pendelointi;718775;2006
81;seutukuntien_valinen_pendelointi;231130;2006
82;maakuntien_valinen_pendelointi;135005;2006
83;aluetyyppien_valinen_pendelointi;501766;2006
84;LMA_valinen_pendelointi;184567;2006
85;tyolliset;2359972;2007
86;tyottomat;216246;2007
87;tyollistymiset_tyovoiman_ulkopuolelta;158452;2007
88;tyollistymiset_tyottomyydesta;72334;2007
89;tyoikaiset;3972940;2007
90;ei_tyoikaiset;1244132;2007
91;asukkaat;5217072;2007
92;kuntien_valinen_muutto;224458;2007
93;seutukuntien_valinen_muutto;133075;2007
94;maakuntien_valinen_muutto;102649;2007
95;aluetyyppien_valinen_muutto;175931;2007
96;LMA_valinen_muutto;119229;2007
97;kuntien_valinen_tyoikaisten_muutto;192085;2007
98;seutukuntien_valinen_tyoikaisten_muutto;115390;2007
99;maakuntien_valinen_tyoikaisten_muutto;89444;2007
100;aluetyyppien_valinen_tyoikaisten_muutto;150067;2007
101;LMA_valinen_tyoikaisten_muutto;103835;2007
102;kuntien_valinen_ei_tyoikaisten_muutto;32373;2007
103;seutukuntien_valinen_ei_tyoikaisten_muutto;17685;2007
104;maakuntien_valinen_ei_tyoikaisten_muutto;13205;2007
105;aluetyyppien_valinen_ei_tyoikaisten_muutto;25864;2007
106;LMA_valinen_ei_tyoikaisten_muutto;15394;2007
107;kuntien_valinen_muutto_tyovoiman_ulkopuolella_tyoikaiset;55513;2007
108;seutukuntien_valinen_muutto_tyovoiman_ulkopuolella_tyoikaiset;38599;2007
109;maakuntien_valinen_muutto_tyovoiman_ulkopuolella_tyoikaiset;30115;2007
110;aluetyyppien_valinen_muutto_tyovoiman_ulkopuolella_tyoikaiset;44783;2007
111;LMA_valinen_muutto_tyovoiman_ulkopuolella_tyoikaiset;35293;2007
112;kuntien_valinen_tyollisten_muutto;96249;2007
113;seutukuntien_valinen_tyollisten_muutto;48584;2007
114;maakuntien_valinen_tyollisten_muutto;36838;2007
115;aluetyyppien_valinen_tyollisten_muutto;72693;2007
116;LMA_valinen_tyollisten_muutto;42634;2007
117;kuntien_valinen_tyollisten_muutto_ei_tyollisyyteen;16358;2007
118;seutukuntien_valinen_tyollisten_muutto_ei_tyollisyyteen;11968;2007
119;maakuntien_valinen_tyollisten_muutto_ei_tyollisyyteen;9851;2007
120;aluetyyppien_valinen_tyollisten_muutto_ei_tyollisyyteen;13185;2007
121;LMA_valinen_tyollisten_muutto_ei_tyollisyyteen;11126;2007
122;kuntien_valinen_tyottomien_muutto_ei_tyollisyyteen;8411;2007
123;seutukuntien_valinen_tyottomien_muutto_ei_tyollisyyteen;5827;2007
124;maakuntien_valinen_tyottomien_muutto_ei_tyollisyyteen;4457;2007
125;aluetyyppien_valinen_tyottomien_muutto_ei_tyollisyyteen;6820;2007
126;LMA_valinen_tyottomien_muutto_ei_tyollisyyteen;5318;2007
127;kuntien_valinen_tyottomien_tyollistava_muutto;6024;2007
128;seutukuntien_valinen_tyottomien_tyollistava_muutto;4328;2007
129;maakuntien_valinen_tyottomien_tyollistava_muutto;3421;2007
130;aluetyyppien_valinen_tyottomien_tyollistava_muutto;4968;2007
131;LMA_valinen_tyottomien_tyollistava_muutto;3940;2007
132;kuntien_valinen_tyota_siirtava_muutto;36962;2007
133;seutukuntien_valinen_tyota_siirtava_muutto;24571;2007
134;maakuntien_valinen_tyota_siirtava_muutto;20470;2007
135;aluetyyppien_valinen_tyota_siirtava_muutto;26298;2007
136;LMA_valinen_tyota_siirtava_muutto;22503;2007
137;kuntien_valinen_tyon_siirtyminen;190792;2007
138;seutukuntien_valinen_tyon_siirtyminen;100868;2007
139;maakuntien_valinen_tyon_siirtyminen;74712;2007
140;aluetyyppien_valinen_tyon_siirtyminen;134406;2007
141;LMA_valinen_tyon_siirtyminen;89495;2007
142;kuntien_valinen_tyovoiman_ulkopuolelta_tyollistava_muutto;20878;2007
143;seutukuntien_valinen_tyovoiman_ulkopuolelta_tyollistava_muutto;14286;2007
144;maakuntien_valinen_tyovoiman_ulkopuolelta_tyollistava_muutto;11571;2007
145;aluetyyppien_valinen_tyovoiman_ulkopuolelta_tyollistava_muutto;16650;2007
146;LMA_valinen_tyovoiman_ulkopuolelta_tyollistava_muutto;13205;2007
147;kuntien_valinen_yrittajien_muutto;6068;2007
148;seutukuntien_valinen_yrittajien_muutto;3113;2007
149;maakuntien_valinen_yrittajien_muutto;2237;2007
150;aluetyyppien_valinen_yrittajien_muutto;4764;2007
151;LMA_valinen_yrittajien_muutto;2656;2007
152;kuntien_valinen_yrittajasta_yrittajaksi_muutto;4509;2007
153;seutukuntien_valinen_yrittajasta_yrittajaksi_muutto;2102;2007
154;maakuntien_valinen_yyrittajasta_yrittajaksi_muutto;1439;2007
155;aluetyyppien_valinen_yrittajasta_yrittajaksi_muutto;3514;2007
156;LMA_valinen_yrittajasta_yrittajaksi_muutto;1752;2007
157;kuntien_valinen_yrittajasta_palkansaajaksi_muutto;965;2007
158;seutukuntien_valinen_yrittajasta_palkansaajaksi_muutto;620;2007
159;maakuntien_valinen_yrittajasta_palkansaajaksi_muutto;494;2007
160;aluetyyppien_valinen_yrittajasta_palkansaajaksi_muutto;770;2007
161;LMA_valinen_yrittajasta_palkansaajaksi_muutto;556;2007
162;maahanmuuttajia;24634;2007
163;maastamuuttajia;10766;2007
164;kuntien_valinen_pendelointi;751516;2007
165;seutukuntien_valinen_pendelointi;243886;2007
166;maakuntien_valinen_pendelointi;142062;2007
167;aluetyyppien_valinen_pendelointi;525568;2007
168;LMA_valinen_pendelointi;194995;2007
169;tyolliset;2366956;2008
170;tyottomat;230789;2008
171;tyollistymiset_tyovoiman_ulkopuolelta;149612;2008
172;tyollistymiset_tyottomyydesta;58698;2008
173;tyoikaiset;3993529;2008
174;ei_tyoikaiset;1246101;2008
175;asukkaat;5239630;2008
176;kuntien_valinen_muutto;217305;2008
177;seutukuntien_valinen_muutto;129919;2008
178;maakuntien_valinen_muutto;100169;2008
179;aluetyyppien_valinen_muutto;170262;2008
180;LMA_valinen_muutto;116472;2008
181;kuntien_valinen_tyoikaisten_muutto;186720;2008
182;seutukuntien_valinen_tyoikaisten_muutto;113042;2008
183;maakuntien_valinen_tyoikaisten_muutto;87646;2008
184;aluetyyppien_valinen_tyoikaisten_muutto;145761;2008
185;LMA_valinen_tyoikaisten_muutto;101772;2008
186;kuntien_valinen_ei_tyoikaisten_muutto;30585;2008
187;seutukuntien_valinen_ei_tyoikaisten_muutto;16877;2008
188;maakuntien_valinen_ei_tyoikaisten_muutto;12523;2008
189;aluetyyppien_valinen_ei_tyoikaisten_muutto;24501;2008
190;LMA_valinen_ei_tyoikaisten_muutto;14700;2008
191;kuntien_valinen_muutto_tyovoiman_ulkopuolella_tyoikaiset;53238;2008
192;seutukuntien_valinen_muutto_tyovoiman_ulkopuolella_tyoikaiset;37250;2008
193;maakuntien_valinen_muutto_tyovoiman_ulkopuolella_tyoikaiset;29078;2008
194;aluetyyppien_valinen_muutto_tyovoiman_ulkopuolella_tyoikaiset;42992;2008
195;LMA_valinen_muutto_tyovoiman_ulkopuolella_tyoikaiset;33955;2008
196;kuntien_valinen_tyollisten_muutto;94198;2008
197;seutukuntien_valinen_tyollisten_muutto;48322;2008
198;maakuntien_valinen_tyollisten_muutto;36696;2008
199;aluetyyppien_valinen_tyollisten_muutto;71166;2008
200;LMA_valinen_tyollisten_muutto;42609;2008
201;kuntien_valinen_tyollisten_muutto_ei_tyollisyyteen;17671;2008
202;seutukuntien_valinen_tyollisten_muutto_ei_tyollisyyteen;12849;2008
203;maakuntien_valinen_tyollisten_muutto_ei_tyollisyyteen;10484;2008
204;aluetyyppien_valinen_tyollisten_muutto_ei_tyollisyyteen;14262;2008
205;LMA_valinen_tyollisten_muutto_ei_tyollisyyteen;11813;2008
206;kuntien_valinen_tyottomien_muutto_ei_tyollisyyteen;7578;2008
207;seutukuntien_valinen_tyottomien_muutto_ei_tyollisyyteen;5322;2008
208;maakuntien_valinen_tyottomien_muutto_ei_tyollisyyteen;4101;2008
209;aluetyyppien_valinen_tyottomien_muutto_ei_tyollisyyteen;6113;2008
210;LMA_valinen_tyottomien_muutto_ei_tyollisyyteen;4895;2008
211;kuntien_valinen_tyottomien_tyollistava_muutto;4736;2008
212;seutukuntien_valinen_tyottomien_tyollistava_muutto;3415;2008
213;maakuntien_valinen_tyottomien_tyollistava_muutto;2704;2008
214;aluetyyppien_valinen_tyottomien_tyollistava_muutto;3850;2008
215;LMA_valinen_tyottomien_tyollistava_muutto;3106;2008
216;kuntien_valinen_tyota_siirtava_muutto;37104;2008
217;seutukuntien_valinen_tyota_siirtava_muutto;24651;2008
218;maakuntien_valinen_tyota_siirtava_muutto;20520;2008
219;aluetyyppien_valinen_tyota_siirtava_muutto;26305;2008
220;LMA_valinen_tyota_siirtava_muutto;22669;2008
221;kuntien_valinen_tyon_siirtyminen;194927;2008
222;seutukuntien_valinen_tyon_siirtyminen;102541;2008
223;maakuntien_valinen_tyon_siirtyminen;76200;2008
224;aluetyyppien_valinen_tyon_siirtyminen;136531;2008
225;LMA_valinen_tyon_siirtyminen;91025;2008
226;kuntien_valinen_tyovoiman_ulkopuolelta_tyollistava_muutto;19519;2008
227;seutukuntien_valinen_tyovoiman_ulkopuolelta_tyollistava_muutto;13403;2008
228;maakuntien_valinen_tyovoiman_ulkopuolelta_tyollistava_muutto;10888;2008
229;aluetyyppien_valinen_tyovoiman_ulkopuolelta_tyollistava_muutto;15511;2008
230;LMA_valinen_tyovoiman_ulkopuolelta_tyollistava_muutto;12342;2008
231;kuntien_valinen_yrittajien_muutto;5995;2008
232;seutukuntien_valinen_yrittajien_muutto;3055;2008
233;maakuntien_valinen_yrittajien_muutto;2156;2008
234;aluetyyppien_valinen_yrittajien_muutto;4777;2008
235;LMA_valinen_yrittajien_muutto;2611;2008
236;kuntien_valinen_yrittajasta_yrittajaksi_muutto;4429;2008
237;seutukuntien_valinen_yrittajasta_yrittajaksi_muutto;2058;2008
238;maakuntien_valinen_yyrittajasta_yrittajaksi_muutto;1390;2008
239;aluetyyppien_valinen_yrittajasta_yrittajaksi_muutto;3509;2008
240;LMA_valinen_yrittajasta_yrittajaksi_muutto;1739;2008
241;kuntien_valinen_yrittajasta_palkansaajaksi_muutto;935;2008
242;seutukuntien_valinen_yrittajasta_palkansaajaksi_muutto;582;2008
243;maakuntien_valinen_yrittajasta_palkansaajaksi_muutto;452;2008
244;aluetyyppien_valinen_yrittajasta_palkansaajaksi_muutto;756;2008
245;LMA_valinen_yrittajasta_palkansaajaksi_muutto;506;2008
246;maahanmuuttajia;27112;2008
247;maastamuuttajia;11705;2008
248;kuntien_valinen_pendelointi;752695;2008
249;seutukuntien_valinen_pendelointi;241842;2008
250;maakuntien_valinen_pendelointi;138882;2008
251;aluetyyppien_valinen_pendelointi;525013;2008
252;LMA_valinen_pendelointi;192652;2008
253;tyolliset;2282002;2009
254;tyottomat;296635;2009
255;tyollistymiset_tyovoiman_ulkopuolelta;117375;2009
256;tyollistymiset_tyottomyydesta;54715;2009
257;tyoikaiset;4015740;2009
258;ei_tyoikaiset;1250401;2009
259;asukkaat;5266141;2009
260;kuntien_valinen_muutto;209531;2009
261;seutukuntien_valinen_muutto;123102;2009
262;maakuntien_valinen_muutto;94449;2009
263;aluetyyppien_valinen_muutto;161833;2009
264;LMA_valinen_muutto;110327;2009
265;kuntien_valinen_tyoikaisten_muutto;181464;2009
266;seutukuntien_valinen_tyoikaisten_muutto;107854;2009
267;maakuntien_valinen_tyoikaisten_muutto;83121;2009
268;aluetyyppien_valinen_tyoikaisten_muutto;139823;2009
269;LMA_valinen_tyoikaisten_muutto;96971;2009
270;kuntien_valinen_ei_tyoikaisten_muutto;28067;2009
271;seutukuntien_valinen_ei_tyoikaisten_muutto;15248;2009
272;maakuntien_valinen_ei_tyoikaisten_muutto;11328;2009
273;aluetyyppien_valinen_ei_tyoikaisten_muutto;22010;2009
274;LMA_valinen_ei_tyoikaisten_muutto;13356;2009
275;kuntien_valinen_muutto_tyovoiman_ulkopuolella_tyoikaiset;56042;2009
276;seutukuntien_valinen_muutto_tyovoiman_ulkopuolella_tyoikaiset;39137;2009
277;maakuntien_valinen_muutto_tyovoiman_ulkopuolella_tyoikaiset;30506;2009
278;aluetyyppien_valinen_muutto_tyovoiman_ulkopuolella_tyoikaiset;45077;2009
279;LMA_valinen_muutto_tyovoiman_ulkopuolella_tyoikaiset;35861;2009
280;kuntien_valinen_tyollisten_muutto;86973;2009
281;seutukuntien_valinen_tyollisten_muutto;42489;2009
282;maakuntien_valinen_tyollisten_muutto;31882;2009
283;aluetyyppien_valinen_tyollisten_muutto;64031;2009
284;LMA_valinen_tyollisten_muutto;37043;2009
285;kuntien_valinen_tyollisten_muutto_ei_tyollisyyteen;21467;2009
286;seutukuntien_valinen_tyollisten_muutto_ei_tyollisyyteen;15044;2009
287;maakuntien_valinen_tyollisten_muutto_ei_tyollisyyteen;12223;2009
288;aluetyyppien_valinen_tyollisten_muutto_ei_tyollisyyteen;17179;2009
289;LMA_valinen_tyollisten_muutto_ei_tyollisyyteen;13848;2009
290;kuntien_valinen_tyottomien_muutto_ei_tyollisyyteen;9279;2009
291;seutukuntien_valinen_tyottomien_muutto_ei_tyollisyyteen;6527;2009
292;maakuntien_valinen_tyottomien_muutto_ei_tyollisyyteen;4931;2009
293;aluetyyppien_valinen_tyottomien_muutto_ei_tyollisyyteen;7443;2009
294;LMA_valinen_tyottomien_muutto_ei_tyollisyyteen;5964;2009
295;kuntien_valinen_tyottomien_tyollistava_muutto;4095;2009
296;seutukuntien_valinen_tyottomien_tyollistava_muutto;2802;2009
297;maakuntien_valinen_tyottomien_tyollistava_muutto;2226;2009
298;aluetyyppien_valinen_tyottomien_tyollistava_muutto;3326;2009
299;LMA_valinen_tyottomien_tyollistava_muutto;2572;2009
300;kuntien_valinen_tyota_siirtava_muutto;30651;2009
301;seutukuntien_valinen_tyota_siirtava_muutto;19509;2009
302;maakuntien_valinen_tyota_siirtava_muutto;16269;2009
303;aluetyyppien_valinen_tyota_siirtava_muutto;21238;2009
304;LMA_valinen_tyota_siirtava_muutto;17891;2009
305;kuntien_valinen_tyon_siirtyminen;169630;2009
306;seutukuntien_valinen_tyon_siirtyminen;86950;2009
307;maakuntien_valinen_tyon_siirtyminen;62650;2009
308;aluetyyppien_valinen_tyon_siirtyminen;118093;2009
309;LMA_valinen_tyon_siirtyminen;76877;2009
310;kuntien_valinen_tyovoiman_ulkopuolelta_tyollistava_muutto;14831;2009
311;seutukuntien_valinen_tyovoiman_ulkopuolelta_tyollistava_muutto;10025;2009
312;maakuntien_valinen_tyovoiman_ulkopuolelta_tyollistava_muutto;8157;2009
313;aluetyyppien_valinen_tyovoiman_ulkopuolelta_tyollistava_muutto;11558;2009
314;LMA_valinen_tyovoiman_ulkopuolelta_tyollistava_muutto;9261;2009
315;kuntien_valinen_yrittajien_muutto;5912;2009
316;seutukuntien_valinen_yrittajien_muutto;2997;2009
317;maakuntien_valinen_yrittajien_muutto;2128;2009
318;aluetyyppien_valinen_yrittajien_muutto;4579;2009
319;LMA_valinen_yrittajien_muutto;2583;2009
320;kuntien_valinen_yrittajasta_yrittajaksi_muutto;4265;2009
321;seutukuntien_valinen_yrittajasta_yrittajaksi_muutto;1961;2009
322;maakuntien_valinen_yyrittajasta_yrittajaksi_muutto;1341;2009
323;aluetyyppien_valinen_yrittajasta_yrittajaksi_muutto;3262;2009
324;LMA_valinen_yrittajasta_yrittajaksi_muutto;1668;2009
325;kuntien_valinen_yrittajasta_palkansaajaksi_muutto;811;2009
326;seutukuntien_valinen_yrittajasta_palkansaajaksi_muutto;507;2009
327;maakuntien_valinen_yrittajasta_palkansaajaksi_muutto;394;2009
328;aluetyyppien_valinen_yrittajasta_palkansaajaksi_muutto;642;2009
329;LMA_valinen_yrittajasta_palkansaajaksi_muutto;455;2009
330;maahanmuuttajia;24762;2009
331;maastamuuttajia;10238;2009
332;kuntien_valinen_pendelointi;730909;2009
333;seutukuntien_valinen_pendelointi;233863;2009
334;maakuntien_valinen_pendelointi;133323;2009
335;aluetyyppien_valinen_pendelointi;510292;2009
336;LMA_valinen_pendelointi;185819;2009
337;tyolliset;2317869;2010
338;tyottomat;265081;2010
339;tyollistymiset_tyovoiman_ulkopuolelta;137600;2010
340;tyollistymiset_tyottomyydesta;94967;2010
341;tyoikaiset;4032233;2010
342;ei_tyoikaiset;1257868;2010
343;asukkaat;5290101;2010
344;kuntien_valinen_muutto;218043;2010
345;seutukuntien_valinen_muutto;129179;2010
346;maakuntien_valinen_muutto;99274;2010
347;aluetyyppien_valinen_muutto;169400;2010
348;LMA_valinen_muutto;115189;2010
349;kuntien_valinen_tyoikaisten_muutto;187997;2010
350;seutukuntien_valinen_tyoikaisten_muutto;112650;2010
351;maakuntien_valinen_tyoikaisten_muutto;87070;2010
352;aluetyyppien_valinen_tyoikaisten_muutto;145596;2010
353;LMA_valinen_tyoikaisten_muutto;100959;2010
354;kuntien_valinen_ei_tyoikaisten_muutto;30046;2010
355;seutukuntien_valinen_ei_tyoikaisten_muutto;16529;2010
356;maakuntien_valinen_ei_tyoikaisten_muutto;12204;2010
357;aluetyyppien_valinen_ei_tyoikaisten_muutto;23804;2010
358;LMA_valinen_ei_tyoikaisten_muutto;14230;2010
359;kuntien_valinen_muutto_tyovoiman_ulkopuolella_tyoikaiset;56972;2010
360;seutukuntien_valinen_muutto_tyovoiman_ulkopuolella_tyoikaiset;39850;2010
361;maakuntien_valinen_muutto_tyovoiman_ulkopuolella_tyoikaiset;31172;2010
362;aluetyyppien_valinen_muutto_tyovoiman_ulkopuolella_tyoikaiset;45800;2010
363;LMA_valinen_muutto_tyovoiman_ulkopuolella_tyoikaiset;36417;2010
364;kuntien_valinen_tyollisten_muutto;88933;2010
365;seutukuntien_valinen_tyollisten_muutto;44103;2010
366;maakuntien_valinen_tyollisten_muutto;33239;2010
367;aluetyyppien_valinen_tyollisten_muutto;66062;2010
368;LMA_valinen_tyollisten_muutto;38247;2010
369;kuntien_valinen_tyollisten_muutto_ei_tyollisyyteen;16805;2010
370;seutukuntien_valinen_tyollisten_muutto_ei_tyollisyyteen;12145;2010
371;maakuntien_valinen_tyollisten_muutto_ei_tyollisyyteen;9998;2010
372;aluetyyppien_valinen_tyollisten_muutto_ei_tyollisyyteen;13444;2010
373;LMA_valinen_tyollisten_muutto_ei_tyollisyyteen;11200;2010
374;kuntien_valinen_tyottomien_muutto_ei_tyollisyyteen;11439;2010
375;seutukuntien_valinen_tyottomien_muutto_ei_tyollisyyteen;7972;2010
376;maakuntien_valinen_tyottomien_muutto_ei_tyollisyyteen;6122;2010
377;aluetyyppien_valinen_tyottomien_muutto_ei_tyollisyyteen;9253;2010
378;LMA_valinen_tyottomien_muutto_ei_tyollisyyteen;7277;2010
379;kuntien_valinen_tyottomien_tyollistava_muutto;6985;2010
380;seutukuntien_valinen_tyottomien_tyollistava_muutto;4657;2010
381;maakuntien_valinen_tyottomien_tyollistava_muutto;3599;2010
382;aluetyyppien_valinen_tyottomien_tyollistava_muutto;5657;2010
383;LMA_valinen_tyottomien_tyollistava_muutto;4219;2010
384;kuntien_valinen_tyota_siirtava_muutto;32739;2010
385;seutukuntien_valinen_tyota_siirtava_muutto;21066;2010
386;maakuntien_valinen_tyota_siirtava_muutto;17526;2010
387;aluetyyppien_valinen_tyota_siirtava_muutto;22864;2010
388;LMA_valinen_tyota_siirtava_muutto;19163;2010
389;kuntien_valinen_tyon_siirtyminen;176731;2010
390;seutukuntien_valinen_tyon_siirtyminen;92091;2010
391;maakuntien_valinen_tyon_siirtyminen;66536;2010
392;aluetyyppien_valinen_tyon_siirtyminen;123819;2010
393;LMA_valinen_tyon_siirtyminen;81809;2010
394;kuntien_valinen_tyovoiman_ulkopuolelta_tyollistava_muutto;17733;2010
395;seutukuntien_valinen_tyovoiman_ulkopuolelta_tyollistava_muutto;12021;2010
396;maakuntien_valinen_tyovoiman_ulkopuolelta_tyollistava_muutto;9743;2010
397;aluetyyppien_valinen_tyovoiman_ulkopuolelta_tyollistava_muutto;14045;2010
398;LMA_valinen_tyovoiman_ulkopuolelta_tyollistava_muutto;11129;2010
399;kuntien_valinen_yrittajien_muutto;6314;2010
400;seutukuntien_valinen_yrittajien_muutto;3271;2010
401;maakuntien_valinen_yrittajien_muutto;2340;2010
402;aluetyyppien_valinen_yrittajien_muutto;4964;2010
403;LMA_valinen_yrittajien_muutto;2787;2010
404;kuntien_valinen_yrittajasta_yrittajaksi_muutto;4670;2010
405;seutukuntien_valinen_yrittajasta_yrittajaksi_muutto;2212;2010
406;maakuntien_valinen_yyrittajasta_yrittajaksi_muutto;1538;2010
407;aluetyyppien_valinen_yrittajasta_yrittajaksi_muutto;3646;2010
408;LMA_valinen_yrittajasta_yrittajaksi_muutto;1861;2010
409;kuntien_valinen_yrittajasta_palkansaajaksi_muutto;845;2010
410;seutukuntien_valinen_yrittajasta_palkansaajaksi_muutto;534;2010
411;maakuntien_valinen_yrittajasta_palkansaajaksi_muutto;414;2010
412;aluetyyppien_valinen_yrittajasta_palkansaajaksi_muutto;646;2010
413;LMA_valinen_yrittajasta_palkansaajaksi_muutto;473;2010
414;maahanmuuttajia;24046;2010
415;maastamuuttajia;10334;2010
416;kuntien_valinen_pendelointi;749938;2010
417;seutukuntien_valinen_pendelointi;242997;2010
418;maakuntien_valinen_pendelointi;137713;2010
419;aluetyyppien_valinen_pendelointi;523909;2010
420;LMA_valinen_pendelointi;193159;2010
421;tyolliset;2344616;2011
422;tyottomat;253523;2011
423;tyollistymiset_tyovoiman_ulkopuolelta;143973;2011
424;tyollistymiset_tyottomyydesta;77464;2011
425;tyoikaiset;4046004;2011
426;ei_tyoikaiset;1267543;2011
427;asukkaat;5313547;2011
428;kuntien_valinen_muutto;225642;2011
429;seutukuntien_valinen_muutto;134263;2011
430;maakuntien_valinen_muutto;102776;2011
431;aluetyyppien_valinen_muutto;175038;2011
432;LMA_valinen_muutto;120053;2011
433;kuntien_valinen_tyoikaisten_muutto;194660;2011
434;seutukuntien_valinen_tyoikaisten_muutto;117073;2011
435;maakuntien_valinen_tyoikaisten_muutto;90199;2011
436;aluetyyppien_valinen_tyoikaisten_muutto;150538;2011
437;LMA_valinen_tyoikaisten_muutto;105171;2011
438;kuntien_valinen_ei_tyoikaisten_muutto;30982;2011
439;seutukuntien_valinen_ei_tyoikaisten_muutto;17190;2011
440;maakuntien_valinen_ei_tyoikaisten_muutto;12577;2011
441;aluetyyppien_valinen_ei_tyoikaisten_muutto;24500;2011
442;LMA_valinen_ei_tyoikaisten_muutto;14882;2011
443;kuntien_valinen_muutto_tyovoiman_ulkopuolella_tyoikaiset;57697;2011
444;seutukuntien_valinen_muutto_tyovoiman_ulkopuolella_tyoikaiset;40384;2011
445;maakuntien_valinen_muutto_tyovoiman_ulkopuolella_tyoikaiset;31561;2011
446;aluetyyppien_valinen_muutto_tyovoiman_ulkopuolella_tyoikaiset;46212;2011
447;LMA_valinen_muutto_tyovoiman_ulkopuolella_tyoikaiset;36920;2011
448;kuntien_valinen_tyollisten_muutto;95021;2011
449;seutukuntien_valinen_tyollisten_muutto;48045;2011
450;maakuntien_valinen_tyollisten_muutto;36029;2011
451;aluetyyppien_valinen_tyollisten_muutto;70809;2011
452;LMA_valinen_tyollisten_muutto;41912;2011
453;kuntien_valinen_tyollisten_muutto_ei_tyollisyyteen;17378;2011
454;seutukuntien_valinen_tyollisten_muutto_ei_tyollisyyteen;12633;2011
455;maakuntien_valinen_tyollisten_muutto_ei_tyollisyyteen;10407;2011
456;aluetyyppien_valinen_tyollisten_muutto_ei_tyollisyyteen;13731;2011
457;LMA_valinen_tyollisten_muutto_ei_tyollisyyteen;11662;2011
458;kuntien_valinen_tyottomien_muutto_ei_tyollisyyteen;10523;2011
459;seutukuntien_valinen_tyottomien_muutto_ei_tyollisyyteen;7258;2011
460;maakuntien_valinen_tyottomien_muutto_ei_tyollisyyteen;5603;2011
461;aluetyyppien_valinen_tyottomien_muutto_ei_tyollisyyteen;8349;2011
462;LMA_valinen_tyottomien_muutto_ei_tyollisyyteen;6653;2011
463;kuntien_valinen_tyottomien_tyollistava_muutto;6229;2011
464;seutukuntien_valinen_tyottomien_tyollistava_muutto;4213;2011
465;maakuntien_valinen_tyottomien_tyollistava_muutto;3296;2011
466;aluetyyppien_valinen_tyottomien_tyollistava_muutto;5030;2011
467;LMA_valinen_tyottomien_tyollistava_muutto;3839;2011
468;kuntien_valinen_tyota_siirtava_muutto;37005;2011
469;seutukuntien_valinen_tyota_siirtava_muutto;23689;2011
470;maakuntien_valinen_tyota_siirtava_muutto;19719;2011
471;aluetyyppien_valinen_tyota_siirtava_muutto;25869;2011
472;LMA_valinen_tyota_siirtava_muutto;21751;2011
473;kuntien_valinen_tyon_siirtyminen;195840;2011
474;seutukuntien_valinen_tyon_siirtyminen;100261;2011
475;maakuntien_valinen_tyon_siirtyminen;72923;2011
476;aluetyyppien_valinen_tyon_siirtyminen;136437;2011
477;LMA_valinen_tyon_siirtyminen;89075;2011
478;kuntien_valinen_tyovoiman_ulkopuolelta_tyollistava_muutto;18679;2011
479;seutukuntien_valinen_tyovoiman_ulkopuolelta_tyollistava_muutto;12637;2011
480;maakuntien_valinen_tyovoiman_ulkopuolelta_tyollistava_muutto;10177;2011
481;aluetyyppien_valinen_tyovoiman_ulkopuolelta_tyollistava_muutto;14833;2011
482;LMA_valinen_tyovoiman_ulkopuolelta_tyollistava_muutto;11688;2011
483;kuntien_valinen_yrittajien_muutto;6364;2011
484;seutukuntien_valinen_yrittajien_muutto;3281;2011
485;maakuntien_valinen_yrittajien_muutto;2306;2011
486;aluetyyppien_valinen_yrittajien_muutto;4930;2011
487;LMA_valinen_yrittajien_muutto;2773;2011
488;kuntien_valinen_yrittajasta_yrittajaksi_muutto;4693;2011
489;seutukuntien_valinen_yrittajasta_yrittajaksi_muutto;2198;2011
490;maakuntien_valinen_yyrittajasta_yrittajaksi_muutto;1469;2011
491;aluetyyppien_valinen_yrittajasta_yrittajaksi_muutto;3602;2011
492;LMA_valinen_yrittajasta_yrittajaksi_muutto;1809;2011
493;kuntien_valinen_yrittajasta_palkansaajaksi_muutto;952;2011
494;seutukuntien_valinen_yrittajasta_palkansaajaksi_muutto;625;2011
495;maakuntien_valinen_yrittajasta_palkansaajaksi_muutto;495;2011
496;aluetyyppien_valinen_yrittajasta_palkansaajaksi_muutto;743;2011
497;LMA_valinen_yrittajasta_palkansaajaksi_muutto;555;2011
498;maahanmuuttajia;27648;2011
499;maastamuuttajia;11069;2011
500;kuntien_valinen_pendelointi;768589;2011
501;seutukuntien_valinen_pendelointi;249681;2011
502;maakuntien_valinen_pendelointi;141009;2011
503;aluetyyppien_valinen_pendelointi;537457;2011
504;LMA_valinen_pendelointi;197953;2011
505;tyolliset;2329373;2012
506;tyottomat;277514;2012
507;tyollistymiset_tyovoiman_ulkopuolelta;133448;2012
508;tyollistymiset_tyottomyydesta;63168;2012
509;tyoikaiset;4057865;2012
510;ei_tyoikaiset;1279169;2012
511;asukkaat;5337034;2012
512;kuntien_valinen_muutto;225793;2012
513;seutukuntien_valinen_muutto;132408;2012
514;maakuntien_valinen_muutto;101903;2012
515;aluetyyppien_valinen_muutto;174473;2012
516;LMA_valinen_muutto;118557;2012
517;kuntien_valinen_tyoikaisten_muutto;194861;2012
518;seutukuntien_valinen_tyoikaisten_muutto;115714;2012
519;maakuntien_valinen_tyoikaisten_muutto;89526;2012
520;aluetyyppien_valinen_tyoikaisten_muutto;150009;2012
521;LMA_valinen_tyoikaisten_muutto;103942;2012
522;kuntien_valinen_ei_tyoikaisten_muutto;30932;2012
523;seutukuntien_valinen_ei_tyoikaisten_muutto;16694;2012
524;maakuntien_valinen_ei_tyoikaisten_muutto;12377;2012
525;aluetyyppien_valinen_ei_tyoikaisten_muutto;24464;2012
526;LMA_valinen_ei_tyoikaisten_muutto;14615;2012
527;kuntien_valinen_muutto_tyovoiman_ulkopuolella_tyoikaiset;58638;2012
528;seutukuntien_valinen_muutto_tyovoiman_ulkopuolella_tyoikaiset;40529;2012
529;maakuntien_valinen_muutto_tyovoiman_ulkopuolella_tyoikaiset;31950;2012
530;aluetyyppien_valinen_muutto_tyovoiman_ulkopuolella_tyoikaiset;46951;2012
531;LMA_valinen_muutto_tyovoiman_ulkopuolella_tyoikaiset;37098;2012
532;kuntien_valinen_tyollisten_muutto;94951;2012
533;seutukuntien_valinen_tyollisten_muutto;46970;2012
534;maakuntien_valinen_tyollisten_muutto;35357;2012
535;aluetyyppien_valinen_tyollisten_muutto;70169;2012
536;LMA_valinen_tyollisten_muutto;41048;2012
537;kuntien_valinen_tyollisten_muutto_ei_tyollisyyteen;19218;2012
538;seutukuntien_valinen_tyollisten_muutto_ei_tyollisyyteen;13749;2012
539;maakuntien_valinen_tyollisten_muutto_ei_tyollisyyteen;11322;2012
540;aluetyyppien_valinen_tyollisten_muutto_ei_tyollisyyteen;15344;2012
541;LMA_valinen_tyollisten_muutto_ei_tyollisyyteen;12691;2012
542;kuntien_valinen_tyottomien_muutto_ei_tyollisyyteen;10499;2012
543;seutukuntien_valinen_tyottomien_muutto_ei_tyollisyyteen;7237;2012
544;maakuntien_valinen_tyottomien_muutto_ei_tyollisyyteen;5598;2012
545;aluetyyppien_valinen_tyottomien_muutto_ei_tyollisyyteen;8373;2012
546;LMA_valinen_tyottomien_muutto_ei_tyollisyyteen;6624;2012
547;kuntien_valinen_tyottomien_tyollistava_muutto;5362;2012
548;seutukuntien_valinen_tyottomien_tyollistava_muutto;3661;2012
549;maakuntien_valinen_tyottomien_tyollistava_muutto;2894;2012
550;aluetyyppien_valinen_tyottomien_tyollistava_muutto;4268;2012
551;LMA_valinen_tyottomien_tyollistava_muutto;3305;2012
552;kuntien_valinen_tyota_siirtava_muutto;35662;2012
553;seutukuntien_valinen_tyota_siirtava_muutto;22660;2012
554;maakuntien_valinen_tyota_siirtava_muutto;18803;2012
555;aluetyyppien_valinen_tyota_siirtava_muutto;24885;2012
556;LMA_valinen_tyota_siirtava_muutto;20899;2012
557;kuntien_valinen_tyon_siirtyminen;182644;2012
558;seutukuntien_valinen_tyon_siirtyminen;94685;2012
559;maakuntien_valinen_tyon_siirtyminen;68661;2012
560;aluetyyppien_valinen_tyon_siirtyminen;128021;2012
561;LMA_valinen_tyon_siirtyminen;83762;2012
562;kuntien_valinen_tyovoiman_ulkopuolelta_tyollistava_muutto;17497;2012
563;seutukuntien_valinen_tyovoiman_ulkopuolelta_tyollistava_muutto;11902;2012
564;maakuntien_valinen_tyovoiman_ulkopuolelta_tyollistava_muutto;9606;2012
565;aluetyyppien_valinen_tyovoiman_ulkopuolelta_tyollistava_muutto;13766;2012
566;LMA_valinen_tyovoiman_ulkopuolelta_tyollistava_muutto;10965;2012
567;kuntien_valinen_yrittajien_muutto;6879;2012
568;seutukuntien_valinen_yrittajien_muutto;3414;2012
569;maakuntien_valinen_yrittajien_muutto;2445;2012
570;aluetyyppien_valinen_yrittajien_muutto;5404;2012
571;LMA_valinen_yrittajien_muutto;2912;2012
572;kuntien_valinen_yrittajasta_yrittajaksi_muutto;5100;2012
573;seutukuntien_valinen_yrittajasta_yrittajaksi_muutto;2308;2012
574;maakuntien_valinen_yyrittajasta_yrittajaksi_muutto;1606;2012
575;aluetyyppien_valinen_yrittajasta_yrittajaksi_muutto;3977;2012
576;LMA_valinen_yrittajasta_yrittajaksi_muutto;1939;2012
577;kuntien_valinen_yrittajasta_palkansaajaksi_muutto;948;2012
578;seutukuntien_valinen_yrittajasta_palkansaajaksi_muutto;569;2012
579;maakuntien_valinen_yrittajasta_palkansaajaksi_muutto;425;2012
580;aluetyyppien_valinen_yrittajasta_palkansaajaksi_muutto;751;2012
581;LMA_valinen_yrittajasta_palkansaajaksi_muutto;486;2012
582;maahanmuuttajia;30041;2012
583;maastamuuttajia;12416;2012
584;kuntien_valinen_pendelointi;767263;2012
585;seutukuntien_valinen_pendelointi;246854;2012
586;maakuntien_valinen_pendelointi;139471;2012
587;aluetyyppien_valinen_pendelointi;536368;2012
588;LMA_valinen_pendelointi;195155;2012
589;tyolliset;2291753;2013
590;tyottomat;324045;2013
591;tyollistymiset_tyovoiman_ulkopuolelta;125199;2013
592;tyollistymiset_tyottomyydesta;64468;2013
593;tyoikaiset;4067261;2013
594;ei_tyoikaiset;1295331;2013
595;asukkaat;5362592;2013
596;kuntien_valinen_muutto;217570;2013
597;seutukuntien_valinen_muutto;129601;2013
598;maakuntien_valinen_muutto;99717;2013
599;aluetyyppien_valinen_muutto;167384;2013
600;LMA_valinen_muutto;116349;2013
601;kuntien_valinen_tyoikaisten_muutto;188887;2013
602;seutukuntien_valinen_tyoikaisten_muutto;113610;2013
603;maakuntien_valinen_tyoikaisten_muutto;88015;2013
604;aluetyyppien_valinen_tyoikaisten_muutto;144971;2013
605;LMA_valinen_tyoikaisten_muutto;102447;2013
606;kuntien_valinen_ei_tyoikaisten_muutto;28683;2013
607;seutukuntien_valinen_ei_tyoikaisten_muutto;15991;2013
608;maakuntien_valinen_ei_tyoikaisten_muutto;11702;2013
609;aluetyyppien_valinen_ei_tyoikaisten_muutto;22413;2013
610;LMA_valinen_ei_tyoikaisten_muutto;13902;2013
611;kuntien_valinen_muutto_tyovoiman_ulkopuolella_tyoikaiset;57812;2013
612;seutukuntien_valinen_muutto_tyovoiman_ulkopuolella_tyoikaiset;40237;2013
613;maakuntien_valinen_muutto_tyovoiman_ulkopuolella_tyoikaiset;31694;2013
614;aluetyyppien_valinen_muutto_tyovoiman_ulkopuolella_tyoikaiset;46037;2013
615;LMA_valinen_muutto_tyovoiman_ulkopuolella_tyoikaiset;36893;2013
616;kuntien_valinen_tyollisten_muutto;87711;2013
617;seutukuntien_valinen_tyollisten_muutto;44078;2013
618;maakuntien_valinen_tyollisten_muutto;33274;2013
619;aluetyyppien_valinen_tyollisten_muutto;64400;2013
620;LMA_valinen_tyollisten_muutto;38618;2013
621;kuntien_valinen_tyollisten_muutto_ei_tyollisyyteen;19997;2013
622;seutukuntien_valinen_tyollisten_muutto_ei_tyollisyyteen;14281;2013
623;maakuntien_valinen_tyollisten_muutto_ei_tyollisyyteen;11735;2013
624;aluetyyppien_valinen_tyollisten_muutto_ei_tyollisyyteen;15782;2013
625;LMA_valinen_tyollisten_muutto_ei_tyollisyyteen;13220;2013
626;kuntien_valinen_tyottomien_muutto_ei_tyollisyyteen;12090;2013
627;seutukuntien_valinen_tyottomien_muutto_ei_tyollisyyteen;8244;2013
628;maakuntien_valinen_tyottomien_muutto_ei_tyollisyyteen;6356;2013
629;aluetyyppien_valinen_tyottomien_muutto_ei_tyollisyyteen;9706;2013
630;LMA_valinen_tyottomien_muutto_ei_tyollisyyteen;7559;2013
631;kuntien_valinen_tyottomien_tyollistava_muutto;5133;2013
632;seutukuntien_valinen_tyottomien_tyollistava_muutto;3471;2013
633;maakuntien_valinen_tyottomien_tyollistava_muutto;2705;2013
634;aluetyyppien_valinen_tyottomien_tyollistava_muutto;4112;2013
635;LMA_valinen_tyottomien_tyollistava_muutto;3204;2013
636;kuntien_valinen_tyota_siirtava_muutto;34483;2013
637;seutukuntien_valinen_tyota_siirtava_muutto;21891;2013
638;maakuntien_valinen_tyota_siirtava_muutto;18150;2013
639;aluetyyppien_valinen_tyota_siirtava_muutto;23891;2013
640;LMA_valinen_tyota_siirtava_muutto;20066;2013
641;kuntien_valinen_tyon_siirtyminen;186211;2013
642;seutukuntien_valinen_tyon_siirtyminen;94489;2013
643;maakuntien_valinen_tyon_siirtyminen;68377;2013
644;aluetyyppien_valinen_tyon_siirtyminen;131256;2013
645;LMA_valinen_tyon_siirtyminen;83855;2013
646;kuntien_valinen_tyovoiman_ulkopuolelta_tyollistava_muutto;15954;2013
647;seutukuntien_valinen_tyovoiman_ulkopuolelta_tyollistava_muutto;10756;2013
648;maakuntien_valinen_tyovoiman_ulkopuolelta_tyollistava_muutto;8722;2013
649;aluetyyppien_valinen_tyovoiman_ulkopuolelta_tyollistava_muutto;12480;2013
650;LMA_valinen_tyovoiman_ulkopuolelta_tyollistava_muutto;9959;2013
651;kuntien_valinen_yrittajien_muutto;6582;2013
652;seutukuntien_valinen_yrittajien_muutto;3339;2013
653;maakuntien_valinen_yrittajien_muutto;2369;2013
654;aluetyyppien_valinen_yrittajien_muutto;5066;2013
655;LMA_valinen_yrittajien_muutto;2850;2013
656;kuntien_valinen_yrittajasta_yrittajaksi_muutto;4819;2013
657;seutukuntien_valinen_yrittajasta_yrittajaksi_muutto;2229;2013
658;maakuntien_valinen_yyrittajasta_yrittajaksi_muutto;1525;2013
659;aluetyyppien_valinen_yrittajasta_yrittajaksi_muutto;3676;2013
660;LMA_valinen_yrittajasta_yrittajaksi_muutto;1869;2013
661;kuntien_valinen_yrittajasta_palkansaajaksi_muutto;897;2013
662;seutukuntien_valinen_yrittajasta_palkansaajaksi_muutto;563;2013
663;maakuntien_valinen_yrittajasta_palkansaajaksi_muutto;442;2013
664;aluetyyppien_valinen_yrittajasta_palkansaajaksi_muutto;693;2013
665;LMA_valinen_yrittajasta_palkansaajaksi_muutto;496;2013
666;maahanmuuttajia;30330;2013
667;maastamuuttajia;12471;2013
668;kuntien_valinen_pendelointi;757893;2013
669;seutukuntien_valinen_pendelointi;242170;2013
670;maakuntien_valinen_pendelointi;135685;2013
671;aluetyyppien_valinen_pendelointi;528653;2013
672;LMA_valinen_pendelointi;191021;2013
673;tyolliset;2264503;2014
674;tyottomat;358181;2014
675;tyollistymiset_tyovoiman_ulkopuolelta;122883;2014
676;tyollistymiset_tyottomyydesta;79087;2014
677;tyoikaiset;4075274;2014
678;ei_tyoikaiset;1309363;2014
679;asukkaat;5384637;2014
680;kuntien_valinen_muutto;218649;2014
681;seutukuntien_valinen_muutto;130930;2014
682;maakuntien_valinen_muutto;101699;2014
683;aluetyyppien_valinen_muutto;167741;2014
684;LMA_valinen_muutto;118034;2014
685;kuntien_valinen_tyoikaisten_muutto;190181;2014
686;seutukuntien_valinen_tyoikaisten_muutto;115079;2014
687;maakuntien_valinen_tyoikaisten_muutto;89972;2014
688;aluetyyppien_valinen_tyoikaisten_muutto;145473;2014
689;LMA_valinen_tyoikaisten_muutto;104127;2014
690;kuntien_valinen_ei_tyoikaisten_muutto;28468;2014
691;seutukuntien_valinen_ei_tyoikaisten_muutto;15851;2014
692;maakuntien_valinen_ei_tyoikaisten_muutto;11727;2014
693;aluetyyppien_valinen_ei_tyoikaisten_muutto;22268;2014
694;LMA_valinen_ei_tyoikaisten_muutto;13907;2014
695;kuntien_valinen_muutto_tyovoiman_ulkopuolella_tyoikaiset;58154;2014
696;seutukuntien_valinen_muutto_tyovoiman_ulkopuolella_tyoikaiset;40693;2014
697;maakuntien_valinen_muutto_tyovoiman_ulkopuolella_tyoikaiset;32331;2014
698;aluetyyppien_valinen_muutto_tyovoiman_ulkopuolella_tyoikaiset;46137;2014
699;LMA_valinen_muutto_tyovoiman_ulkopuolella_tyoikaiset;37414;2014
700;kuntien_valinen_tyollisten_muutto;85449;2014
701;seutukuntien_valinen_tyollisten_muutto;42908;2014
702;maakuntien_valinen_tyollisten_muutto;32712;2014
703;aluetyyppien_valinen_tyollisten_muutto;62502;2014
704;LMA_valinen_tyollisten_muutto;37797;2014
705;kuntien_valinen_tyollisten_muutto_ei_tyollisyyteen;20857;2014
706;seutukuntien_valinen_tyollisten_muutto_ei_tyollisyyteen;15101;2014
707;maakuntien_valinen_tyollisten_muutto_ei_tyollisyyteen;12572;2014
708;aluetyyppien_valinen_tyollisten_muutto_ei_tyollisyyteen;16378;2014
709;LMA_valinen_tyollisten_muutto_ei_tyollisyyteen;13973;2014
710;kuntien_valinen_tyottomien_muutto_ei_tyollisyyteen;15053;2014
711;seutukuntien_valinen_tyottomien_muutto_ei_tyollisyyteen;10293;2014
712;maakuntien_valinen_tyottomien_muutto_ei_tyollisyyteen;7961;2014
713;aluetyyppien_valinen_tyottomien_muutto_ei_tyollisyyteen;11948;2014
714;LMA_valinen_tyottomien_muutto_ei_tyollisyyteen;9411;2014
715;kuntien_valinen_tyottomien_tyollistava_muutto;6535;2014
716;seutukuntien_valinen_tyottomien_tyollistava_muutto;4391;2014
717;maakuntien_valinen_tyottomien_tyollistava_muutto;3465;2014
718;aluetyyppien_valinen_tyottomien_tyollistava_muutto;5235;2014
719;LMA_valinen_tyottomien_tyollistava_muutto;4024;2014
720;kuntien_valinen_tyota_siirtava_muutto;31096;2014
721;seutukuntien_valinen_tyota_siirtava_muutto;20496;2014
722;maakuntien_valinen_tyota_siirtava_muutto;17218;2014
723;aluetyyppien_valinen_tyota_siirtava_muutto;21634;2014
724;LMA_valinen_tyota_siirtava_muutto;18891;2014
725;kuntien_valinen_tyon_siirtyminen;167974;2014
726;seutukuntien_valinen_tyon_siirtyminen;88151;2014
727;maakuntien_valinen_tyon_siirtyminen;63954;2014
728;aluetyyppien_valinen_tyon_siirtyminen;117831;2014
729;LMA_valinen_tyon_siirtyminen;78343;2014
730;kuntien_valinen_tyovoiman_ulkopuolelta_tyollistava_muutto;14855;2014
731;seutukuntien_valinen_tyovoiman_ulkopuolelta_tyollistava_muutto;10023;2014
732;maakuntien_valinen_tyovoiman_ulkopuolelta_tyollistava_muutto;8194;2014
733;aluetyyppien_valinen_tyovoiman_ulkopuolelta_tyollistava_muutto;11559;2014
734;LMA_valinen_tyovoiman_ulkopuolelta_tyollistava_muutto;9332;2014
735;kuntien_valinen_yrittajien_muutto;6478;2014
736;seutukuntien_valinen_yrittajien_muutto;3334;2014
737;maakuntien_valinen_yrittajien_muutto;2382;2014
738;aluetyyppien_valinen_yrittajien_muutto;4940;2014
739;LMA_valinen_yrittajien_muutto;2863;2014
740;kuntien_valinen_yrittajasta_yrittajaksi_muutto;4635;2014
741;seutukuntien_valinen_yrittajasta_yrittajaksi_muutto;2197;2014
742;maakuntien_valinen_yyrittajasta_yrittajaksi_muutto;1496;2014
743;aluetyyppien_valinen_yrittajasta_yrittajaksi_muutto;3491;2014
744;LMA_valinen_yrittajasta_yrittajaksi_muutto;1835;2014
745;kuntien_valinen_yrittajasta_palkansaajaksi_muutto;978;2014
746;seutukuntien_valinen_yrittajasta_palkansaajaksi_muutto;603;2014
747;maakuntien_valinen_yrittajasta_palkansaajaksi_muutto;477;2014
748;aluetyyppien_valinen_yrittajasta_palkansaajaksi_muutto;775;2014
749;LMA_valinen_yrittajasta_palkansaajaksi_muutto;555;2014
750;maahanmuuttajia;29522;2014
751;maastamuuttajia;14141;2014
752;kuntien_valinen_pendelointi;753894;2014
753;seutukuntien_valinen_pendelointi;241046;2014
754;maakuntien_valinen_pendelointi;134450;2014
755;aluetyyppien_valinen_pendelointi;525442;2014
756;LMA_valinen_pendelointi;189894;2014
757;tyolliset;2248052;2015
758;tyottomat;370849;2015
759;tyollistymiset_tyovoiman_ulkopuolelta;118325;2015
760;tyollistymiset_tyottomyydesta;87863;2015
761;tyoikaiset;4088246;2015
762;ei_tyoikaiset;1316242;2015
763;asukkaat;5404488;2015
764;kuntien_valinen_muutto;226436;2015
765;seutukuntien_valinen_muutto;136384;2015
766;maakuntien_valinen_muutto;106104;2015
767;aluetyyppien_valinen_muutto;173458;2015
768;LMA_valinen_muutto;122802;2015
769;kuntien_valinen_tyoikaisten_muutto;197062;2015
770;seutukuntien_valinen_tyoikaisten_muutto;119829;2015
771;maakuntien_valinen_tyoikaisten_muutto;93940;2015
772;aluetyyppien_valinen_tyoikaisten_muutto;150538;2015
773;LMA_valinen_tyoikaisten_muutto;108405;2015
774;kuntien_valinen_ei_tyoikaisten_muutto;29374;2015
775;seutukuntien_valinen_ei_tyoikaisten_muutto;16555;2015
776;maakuntien_valinen_ei_tyoikaisten_muutto;12164;2015
777;aluetyyppien_valinen_ei_tyoikaisten_muutto;22920;2015
778;LMA_valinen_ei_tyoikaisten_muutto;14397;2015
779;kuntien_valinen_muutto_tyovoiman_ulkopuolella_tyoikaiset;59996;2015
780;seutukuntien_valinen_muutto_tyovoiman_ulkopuolella_tyoikaiset;42134;2015
781;maakuntien_valinen_muutto_tyovoiman_ulkopuolella_tyoikaiset;33739;2015
782;aluetyyppien_valinen_muutto_tyovoiman_ulkopuolella_tyoikaiset;47652;2015
783;LMA_valinen_muutto_tyovoiman_ulkopuolella_tyoikaiset;38786;2015
784;kuntien_valinen_tyollisten_muutto;87551;2015
785;seutukuntien_valinen_tyollisten_muutto;44144;2015
786;maakuntien_valinen_tyollisten_muutto;33567;2015
787;aluetyyppien_valinen_tyollisten_muutto;63916;2015
788;LMA_valinen_tyollisten_muutto;38827;2015
789;kuntien_valinen_tyollisten_muutto_ei_tyollisyyteen;20521;2015
790;seutukuntien_valinen_tyollisten_muutto_ei_tyollisyyteen;14850;2015
791;maakuntien_valinen_tyollisten_muutto_ei_tyollisyyteen;12357;2015
792;aluetyyppien_valinen_tyollisten_muutto_ei_tyollisyyteen;16175;2015
793;LMA_valinen_tyollisten_muutto_ei_tyollisyyteen;13801;2015
794;kuntien_valinen_tyottomien_muutto_ei_tyollisyyteen;17410;2015
795;seutukuntien_valinen_tyottomien_muutto_ei_tyollisyyteen;11944;2015
796;maakuntien_valinen_tyottomien_muutto_ei_tyollisyyteen;9342;2015
797;aluetyyppien_valinen_tyottomien_muutto_ei_tyollisyyteen;13612;2015
798;LMA_valinen_tyottomien_muutto_ei_tyollisyyteen;10933;2015
799;kuntien_valinen_tyottomien_tyollistava_muutto;7648;2015
800;seutukuntien_valinen_tyottomien_tyollistava_muutto;5084;2015
801;maakuntien_valinen_tyottomien_tyollistava_muutto;4042;2015
802;aluetyyppien_valinen_tyottomien_tyollistava_muutto;6069;2015
803;LMA_valinen_tyottomien_tyollistava_muutto;4657;2015
804;kuntien_valinen_tyota_siirtava_muutto;33898;2015
805;seutukuntien_valinen_tyota_siirtava_muutto;21891;2015
806;maakuntien_valinen_tyota_siirtava_muutto;18323;2015
807;aluetyyppien_valinen_tyota_siirtava_muutto;23450;2015
808;LMA_valinen_tyota_siirtava_muutto;20245;2015
809;kuntien_valinen_tyon_siirtyminen;182122;2015
810;seutukuntien_valinen_tyon_siirtyminen;93647;2015
811;maakuntien_valinen_tyon_siirtyminen;68305;2015
812;aluetyyppien_valinen_tyon_siirtyminen;125915;2015
813;LMA_valinen_tyon_siirtyminen;83360;2015
814;kuntien_valinen_tyovoiman_ulkopuolelta_tyollistava_muutto;15095;2015
815;seutukuntien_valinen_tyovoiman_ulkopuolelta_tyollistava_muutto;10344;2015
816;maakuntien_valinen_tyovoiman_ulkopuolelta_tyollistava_muutto;8498;2015
817;aluetyyppien_valinen_tyovoiman_ulkopuolelta_tyollistava_muutto;11749;2015
818;LMA_valinen_tyovoiman_ulkopuolelta_tyollistava_muutto;9579;2015
819;kuntien_valinen_yrittajien_muutto;6598;2015
820;seutukuntien_valinen_yrittajien_muutto;3403;2015
821;maakuntien_valinen_yrittajien_muutto;2410;2015
822;aluetyyppien_valinen_yrittajien_muutto;5050;2015
823;LMA_valinen_yrittajien_muutto;2928;2015
824;kuntien_valinen_yrittajasta_yrittajaksi_muutto;4915;2015
825;seutukuntien_valinen_yrittajasta_yrittajaksi_muutto;2347;2015
826;maakuntien_valinen_yyrittajasta_yrittajaksi_muutto;1597;2015
827;aluetyyppien_valinen_yrittajasta_yrittajaksi_muutto;3753;2015
828;LMA_valinen_yrittajasta_yrittajaksi_muutto;1977;2015
829;kuntien_valinen_yrittajasta_palkansaajaksi_muutto;891;2015
830;seutukuntien_valinen_yrittajasta_palkansaajaksi_muutto;533;2015
831;maakuntien_valinen_yrittajasta_palkansaajaksi_muutto;423;2015
832;aluetyyppien_valinen_yrittajasta_palkansaajaksi_muutto;674;2015
833;LMA_valinen_yrittajasta_palkansaajaksi_muutto;480;2015
834;maahanmuuttajia;27329;2015
835;maastamuuttajia;14861;2015
836;kuntien_valinen_pendelointi;756060;2015
837;seutukuntien_valinen_pendelointi;243402;2015
838;maakuntien_valinen_pendelointi;136628;2015
839;aluetyyppien_valinen_pendelointi;528517;2015
840;LMA_valinen_pendelointi;192207;2015
